[
  {
    "nombre": "Cafe en Grano",
    "id": 3
  },
  {
    "nombre": "Otro",
    "id": 4
  },
  {
    "nombre": "Bebidas",
    "id": 5
  },
  {
    "nombre": "Té",
    "id": 8
  },
  {
    "nombre": "Infusiones",
    "id": 9
  },
  {
    "nombre": "Syrup",
    "id": 10
  },
  {
    "nombre": "Cafeteras",
    "id": 11
  },
  {
    "nombre": "Repuestos",
    "id": 12
  },
  {
    "nombre": "Drip",
    "id": 13
  },
  {
    "nombre": "Café-Molido",
    "id": 16
  },
  {
    "nombre": "Accesorio",
    "id": 17
  },
  {
    "nombre": "Categoría Test",
    "id": 1
  },
  {
    "nombre": "Sachet",
    "id": 19
  },
  {
    "nombre": "Cafetera-Italiana",
    "id": 20
  },
  {
    "nombre": "Cafetera-Francesa",
    "id": 21
  },
  {
    "nombre": "Utensilio",
    "id": 22
  }
]