[
  {
    "total_ventas": 87470.0,
    "total_debito": 55970.0,
    "total_transferencia": 4500.0,
    "total_ganancia": 77984.0,
    "cantidad_transacciones": 7,
    "usuario_id": null,
    "notas": null,
    "fecha": "2025-08-02T00:00:00",
    "fecha_cierre": "2025-08-03T02:17:45.629456",
    "total_efectivo": 14500.0,
    "total_credito": 12500.0,
    "total_costo": 9486.0,
    "margen_promedio": 89.1551389047674,
    "ticket_promedio": 12495.7142857143,
    "usuario_nombre": null,
    "datos_adicionales": null
  },
  {
    "total_ventas": 94911.0,
    "total_debito": 46480.0,
    "total_transferencia": 0.0,
    "total_ganancia": 43974.0,
    "cantidad_transacciones": 6,
    "usuario_id": null,
    "notas": null,
    "fecha": "2025-08-03T00:00:00",
    "fecha_cierre": "2025-08-04T02:34:58.781919",
    "total_efectivo": 0.0,
    "total_credito": 48431.0,
    "total_costo": 50937.0,
    "margen_promedio": 46.3318266586592,
    "ticket_promedio": 15818.5,
    "usuario_nombre": null,
    "datos_adicionales": null
  },
  {
    "total_ventas": 3500.0,
    "total_debito": 3500.0,
    "total_transferencia": 0.0,
    "total_ganancia": 3201.0,
    "cantidad_transacciones": 1,
    "usuario_id": null,
    "notas": null,
    "fecha": "2025-08-05T00:00:00",
    "fecha_cierre": "2025-08-05T23:54:33.267619",
    "total_efectivo": 0.0,
    "total_credito": 0.0,
    "total_costo": 299.0,
    "margen_promedio": 91.4571428571429,
    "ticket_promedio": 3500.0,
    "usuario_nombre": null,
    "datos_adicionales": null
  },
  {
    "total_ventas": 76990.0,
    "total_debito": 45490.0,
    "total_transferencia": 0.0,
    "total_ganancia": 48492.0,
    "cantidad_transacciones": 2,
    "usuario_id": null,
    "notas": null,
    "fecha": "2025-08-06T00:00:00",
    "fecha_cierre": "2025-08-07T01:02:39.644941",
    "total_efectivo": 31500.0,
    "total_credito": 0.0,
    "total_costo": 28498.0,
    "margen_promedio": 62.9848032211976,
    "ticket_promedio": 38495.0,
    "usuario_nombre": null,
    "datos_adicionales": null
  },
  {
    "total_ventas": 55970.0,
    "total_debito": 42980.0,
    "total_transferencia": 0.0,
    "total_ganancia": 20091.0,
    "cantidad_transacciones": 4,
    "usuario_id": null,
    "notas": null,
    "fecha": "2025-08-08T00:00:00",
    "fecha_cierre": "2025-08-09T01:55:48.767863",
    "total_efectivo": 0.0,
    "total_credito": 12990.0,
    "total_costo": 35879.0,
    "margen_promedio": 35.8960157227086,
    "ticket_promedio": 13992.5,
    "usuario_nombre": null,
    "datos_adicionales": null
  },
  {
    "total_ventas": 338020.0,
    "total_debito": 243370.0,
    "total_transferencia": 0.0,
    "total_ganancia": 124737.0,
    "cantidad_transacciones": 16,
    "usuario_id": null,
    "notas": null,
    "fecha": "2025-08-09T00:00:00",
    "fecha_cierre": "2025-08-10T02:19:19.629526",
    "total_efectivo": 0.0,
    "total_credito": 94650.0,
    "total_costo": 213283.0,
    "margen_promedio": 36.902254304479,
    "ticket_promedio": 21126.25,
    "usuario_nombre": null,
    "datos_adicionales": null
  },
  {
    "total_ventas": 215570.0,
    "total_debito": 59660.0,
    "total_transferencia": 0.0,
    "total_ganancia": 77727.0,
    "cantidad_transacciones": 18,
    "usuario_id": null,
    "notas": null,
    "fecha": "2025-08-10T00:00:00",
    "fecha_cierre": "2025-08-11T01:30:52.080444",
    "total_efectivo": 14990.0,
    "total_credito": 140920.0,
    "total_costo": 137843.0,
    "margen_promedio": 36.056501368465,
    "ticket_promedio": 11976.1111111111,
    "usuario_nombre": null,
    "datos_adicionales": null
  }
]