[
  {
    "subtotal": 0.0,
    "fecha": "2025-08-02T19:14:06.007820",
    "descuento_porcentaje": 0.0,
    "metodo_pago": "debito",
    "cierre_id": 2,
    "id": 232,
    "descuento": 0.0,
    "total": 9990.0,
    "estado": "aprobada",
    "datos_adicionales": null
  },
  {
    "subtotal": 0.0,
    "fecha": "2025-08-02T20:13:03.886269",
    "descuento_porcentaje": 0.0,
    "metodo_pago": "debito",
    "cierre_id": 2,
    "id": 233,
    "descuento": 0.0,
    "total": 15990.0,
    "estado": "aprobada",
    "datos_adicionales": null
  },
  {
    "subtotal": 0.0,
    "fecha": "2025-08-02T20:35:47.778425",
    "descuento_porcentaje": 0.0,
    "metodo_pago": "credito",
    "cierre_id": 2,
    "id": 234,
    "descuento": 0.0,
    "total": 12500.0,
    "estado": "aprobada",
    "datos_adicionales": null
  },
  {
    "subtotal": 0.0,
    "fecha": "2025-08-02T21:29:53.235278",
    "descuento_porcentaje": 0.0,
    "metodo_pago": "debito",
    "cierre_id": 2,
    "id": 235,
    "descuento": 0.0,
    "total": 20490.0,
    "estado": "aprobada",
    "datos_adicionales": null
  },
  {
    "subtotal": 1000.0,
    "fecha": "2025-08-03T05:18:39.202614",
    "descuento_porcentaje": 10.0,
    "metodo_pago": "efectivo",
    "cierre_id": 12,
    "id": 189,
    "descuento": 100.0,
    "total": 900.0,
    "estado": "anulada",
    "datos_adicionales": null
  },
  {
    "subtotal": 0.0,
    "fecha": "2025-08-03T01:20:54.582961",
    "descuento_porcentaje": 0.0,
    "metodo_pago": "debito",
    "cierre_id": 12,
    "id": 230,
    "descuento": 0.0,
    "total": 10990.0,
    "estado": "aprobada",
    "datos_adicionales": null
  },
  {
    "subtotal": 0.0,
    "fecha": "2025-08-03T01:37:03.310020",
    "descuento_porcentaje": 0.0,
    "metodo_pago": "debito",
    "cierre_id": 12,
    "id": 231,
    "descuento": 0.0,
    "total": 10500.0,
    "estado": "aprobada",
    "datos_adicionales": null
  },
  {
    "subtotal": 10990.0,
    "fecha": "2025-08-03T18:06:48.516214",
    "descuento_porcentaje": 0.0,
    "metodo_pago": "debito",
    "cierre_id": 12,
    "id": 270,
    "descuento": 0.0,
    "total": 10990.0,
    "estado": "aprobada",
    "datos_adicionales": null
  },
  {
    "subtotal": 50980.0,
    "fecha": "2025-08-03T22:12:00.484323",
    "descuento_porcentaje": 5.0,
    "metodo_pago": "credito",
    "cierre_id": 12,
    "id": 271,
    "descuento": 2549.0,
    "total": 48431.0,
    "estado": "aprobada",
    "datos_adicionales": null
  },
  {
    "subtotal": 14000.0,
    "fecha": "2025-08-03T23:30:34.854855",
    "descuento_porcentaje": 0.0,
    "metodo_pago": "debito",
    "cierre_id": 12,
    "id": 272,
    "descuento": 0.0,
    "total": 14000.0,
    "estado": "aprobada",
    "datos_adicionales": null
  },
  {
    "subtotal": 0.0,
    "fecha": "2025-08-02T22:01:48.564740",
    "descuento_porcentaje": 0.0,
    "metodo_pago": "debito",
    "cierre_id": 2,
    "id": 236,
    "descuento": 0.0,
    "total": 9500.0,
    "estado": "aprobada",
    "datos_adicionales": null
  },
  {
    "subtotal": 0.0,
    "fecha": "2025-08-02T23:00:07.456955",
    "descuento_porcentaje": 0.0,
    "metodo_pago": "transferencia",
    "cierre_id": 2,
    "id": 237,
    "descuento": 0.0,
    "total": 4500.0,
    "estado": "aprobada",
    "datos_adicionales": null
  },
  {
    "subtotal": 3500.0,
    "fecha": "2025-08-05T19:31:10.166567",
    "descuento_porcentaje": 0.0,
    "metodo_pago": "debito",
    "cierre_id": 13,
    "id": 273,
    "descuento": 0.0,
    "total": 3500.0,
    "estado": "aprobada",
    "datos_adicionales": null
  },
  {
    "subtotal": 0.0,
    "fecha": "2025-08-02T23:27:40.043413",
    "descuento_porcentaje": 0.0,
    "metodo_pago": "efectivo",
    "cierre_id": 2,
    "id": 238,
    "descuento": 0.0,
    "total": 14500.0,
    "estado": "aprobada",
    "datos_adicionales": null
  },
  {
    "subtotal": 45490.0,
    "fecha": "2025-08-06T18:57:44.277704",
    "descuento_porcentaje": 0.0,
    "metodo_pago": "debito",
    "cierre_id": 14,
    "id": 274,
    "descuento": 0.0,
    "total": 45490.0,
    "estado": "aprobada",
    "datos_adicionales": null
  },
  {
    "subtotal": 31500.0,
    "fecha": "2025-08-06T22:12:54.365635",
    "descuento_porcentaje": 0.0,
    "metodo_pago": "efectivo",
    "cierre_id": 14,
    "id": 275,
    "descuento": 0.0,
    "total": 31500.0,
    "estado": "aprobada",
    "datos_adicionales": null
  },
  {
    "subtotal": 12990.0,
    "fecha": "2025-08-09T00:18:16.556660",
    "descuento_porcentaje": 0.0,
    "metodo_pago": "credito",
    "cierre_id": 16,
    "id": 280,
    "descuento": 0.0,
    "total": 12990.0,
    "estado": "aprobada",
    "datos_adicionales": null
  },
  {
    "subtotal": 74950.0,
    "fecha": "2025-08-09T16:24:01.467641",
    "descuento_porcentaje": 0.0,
    "metodo_pago": "debito",
    "cierre_id": 16,
    "id": 281,
    "descuento": 0.0,
    "total": 74950.0,
    "estado": "aprobada",
    "datos_adicionales": null
  },
  {
    "subtotal": 24980.0,
    "fecha": "2025-08-08T20:13:57.585600",
    "descuento_porcentaje": 0.0,
    "metodo_pago": "debito",
    "cierre_id": 15,
    "id": 276,
    "descuento": 0.0,
    "total": 24980.0,
    "estado": "aprobada",
    "datos_adicionales": null
  },
  {
    "subtotal": 12990.0,
    "fecha": "2025-08-08T20:21:11.540896",
    "descuento_porcentaje": 0.0,
    "metodo_pago": "credito",
    "cierre_id": 15,
    "id": 277,
    "descuento": 0.0,
    "total": 12990.0,
    "estado": "aprobada",
    "datos_adicionales": null
  },
  {
    "subtotal": 9000.0,
    "fecha": "2025-08-08T21:11:26.983993",
    "descuento_porcentaje": 0.0,
    "metodo_pago": "debito",
    "cierre_id": 15,
    "id": 278,
    "descuento": 0.0,
    "total": 9000.0,
    "estado": "aprobada",
    "datos_adicionales": null
  },
  {
    "subtotal": 9000.0,
    "fecha": "2025-08-08T21:14:31.270553",
    "descuento_porcentaje": 0.0,
    "metodo_pago": "debito",
    "cierre_id": 15,
    "id": 279,
    "descuento": 0.0,
    "total": 9000.0,
    "estado": "aprobada",
    "datos_adicionales": null
  },
  {
    "subtotal": 0.0,
    "fecha": "2025-08-09T16:34:14.937273",
    "descuento_porcentaje": 0.0,
    "metodo_pago": "debito",
    "cierre_id": 16,
    "id": 282,
    "descuento": 0.0,
    "total": 0.0,
    "estado": "anulada",
    "datos_adicionales": null
  },
  {
    "subtotal": 33990.0,
    "fecha": "2025-08-09T16:53:47.038355",
    "descuento_porcentaje": 0.0,
    "metodo_pago": "debito",
    "cierre_id": 16,
    "id": 283,
    "descuento": 0.0,
    "total": 33990.0,
    "estado": "aprobada",
    "datos_adicionales": null
  },
  {
    "subtotal": 26980.0,
    "fecha": "2025-08-09T19:06:21.889333",
    "descuento_porcentaje": 0.0,
    "metodo_pago": "credito",
    "cierre_id": 16,
    "id": 284,
    "descuento": 0.0,
    "total": 26980.0,
    "estado": "aprobada",
    "datos_adicionales": null
  },
  {
    "subtotal": 13990.0,
    "fecha": "2025-08-09T20:11:38.308381",
    "descuento_porcentaje": 0.0,
    "metodo_pago": "debito",
    "cierre_id": 16,
    "id": 285,
    "descuento": 0.0,
    "total": 13990.0,
    "estado": "aprobada",
    "datos_adicionales": null
  },
  {
    "subtotal": 23690.0,
    "fecha": "2025-08-09T20:23:52.995737",
    "descuento_porcentaje": 0.0,
    "metodo_pago": "credito",
    "cierre_id": 16,
    "id": 286,
    "descuento": 0.0,
    "total": 23690.0,
    "estado": "aprobada",
    "datos_adicionales": null
  },
  {
    "subtotal": 4500.0,
    "fecha": "2025-08-09T20:40:12.940626",
    "descuento_porcentaje": 0.0,
    "metodo_pago": "debito",
    "cierre_id": 16,
    "id": 287,
    "descuento": 0.0,
    "total": 4500.0,
    "estado": "aprobada",
    "datos_adicionales": null
  },
  {
    "subtotal": 13990.0,
    "fecha": "2025-08-09T20:42:48.634326",
    "descuento_porcentaje": 0.0,
    "metodo_pago": "debito",
    "cierre_id": 16,
    "id": 288,
    "descuento": 0.0,
    "total": 13990.0,
    "estado": "aprobada",
    "datos_adicionales": null
  },
  {
    "subtotal": 13990.0,
    "fecha": "2025-08-09T21:01:10.585016",
    "descuento_porcentaje": 0.0,
    "metodo_pago": "debito",
    "cierre_id": 16,
    "id": 289,
    "descuento": 0.0,
    "total": 13990.0,
    "estado": "aprobada",
    "datos_adicionales": null
  },
  {
    "subtotal": 16990.0,
    "fecha": "2025-08-09T21:03:08.817410",
    "descuento_porcentaje": 0.0,
    "metodo_pago": "debito",
    "cierre_id": 16,
    "id": 290,
    "descuento": 0.0,
    "total": 16990.0,
    "estado": "aprobada",
    "datos_adicionales": null
  },
  {
    "subtotal": 15000.0,
    "fecha": "2025-08-09T21:25:54.838839",
    "descuento_porcentaje": 0.0,
    "metodo_pago": "debito",
    "cierre_id": 16,
    "id": 291,
    "descuento": 0.0,
    "total": 15000.0,
    "estado": "aprobada",
    "datos_adicionales": null
  },
  {
    "subtotal": 13990.0,
    "fecha": "2025-08-09T21:52:01.412778",
    "descuento_porcentaje": 0.0,
    "metodo_pago": "debito",
    "cierre_id": 16,
    "id": 292,
    "descuento": 0.0,
    "total": 13990.0,
    "estado": "aprobada",
    "datos_adicionales": null
  },
  {
    "subtotal": 28990.0,
    "fecha": "2025-08-09T21:55:53.535479",
    "descuento_porcentaje": 0.0,
    "metodo_pago": "debito",
    "cierre_id": 16,
    "id": 293,
    "descuento": 0.0,
    "total": 28990.0,
    "estado": "aprobada",
    "datos_adicionales": null
  },
  {
    "subtotal": 12990.0,
    "fecha": "2025-08-09T21:59:12.398976",
    "descuento_porcentaje": 0.0,
    "metodo_pago": "debito",
    "cierre_id": 16,
    "id": 294,
    "descuento": 0.0,
    "total": 12990.0,
    "estado": "aprobada",
    "datos_adicionales": null
  },
  {
    "subtotal": 30990.0,
    "fecha": "2025-08-09T23:53:23.184453",
    "descuento_porcentaje": 0.0,
    "metodo_pago": "credito",
    "cierre_id": 16,
    "id": 295,
    "descuento": 0.0,
    "total": 30990.0,
    "estado": "aprobada",
    "datos_adicionales": null
  },
  {
    "subtotal": 10990.0,
    "fecha": "2025-08-11T00:31:58.187497",
    "descuento_porcentaje": 0.0,
    "metodo_pago": "debito",
    "cierre_id": null,
    "id": 314,
    "descuento": 0.0,
    "total": 10990.0,
    "estado": "aprobada",
    "datos_adicionales": null
  },
  {
    "subtotal": 10990.0,
    "fecha": "2025-08-11T00:34:16.252983",
    "descuento_porcentaje": 0.0,
    "metodo_pago": "credito",
    "cierre_id": null,
    "id": 315,
    "descuento": 0.0,
    "total": 10990.0,
    "estado": "aprobada",
    "datos_adicionales": null
  },
  {
    "subtotal": 14990.0,
    "fecha": "2025-08-10T01:22:45.087873",
    "descuento_porcentaje": 0.0,
    "metodo_pago": "credito",
    "cierre_id": 17,
    "id": 296,
    "descuento": 0.0,
    "total": 14990.0,
    "estado": "aprobada",
    "datos_adicionales": null
  },
  {
    "subtotal": 13990.0,
    "fecha": "2025-08-10T18:05:34.887669",
    "descuento_porcentaje": 0.0,
    "metodo_pago": "debito",
    "cierre_id": 17,
    "id": 297,
    "descuento": 0.0,
    "total": 13990.0,
    "estado": "aprobada",
    "datos_adicionales": null
  },
  {
    "subtotal": 0.0,
    "fecha": "2025-08-10T18:16:09.461369",
    "descuento_porcentaje": 0.0,
    "metodo_pago": "debito",
    "cierre_id": 17,
    "id": 298,
    "descuento": 0.0,
    "total": 0.0,
    "estado": "anulada",
    "datos_adicionales": null
  },
  {
    "subtotal": 0.0,
    "fecha": "2025-08-10T18:16:09.083675",
    "descuento_porcentaje": 0.0,
    "metodo_pago": "debito",
    "cierre_id": 17,
    "id": 299,
    "descuento": 0.0,
    "total": 0.0,
    "estado": "anulada",
    "datos_adicionales": null
  },
  {
    "subtotal": 12990.0,
    "fecha": "2025-08-10T18:42:06.433327",
    "descuento_porcentaje": 0.0,
    "metodo_pago": "debito",
    "cierre_id": 17,
    "id": 300,
    "descuento": 0.0,
    "total": 12990.0,
    "estado": "aprobada",
    "datos_adicionales": null
  },
  {
    "subtotal": 16990.0,
    "fecha": "2025-08-10T19:02:59.938699",
    "descuento_porcentaje": 0.0,
    "metodo_pago": "credito",
    "cierre_id": 17,
    "id": 301,
    "descuento": 0.0,
    "total": 16990.0,
    "estado": "aprobada",
    "datos_adicionales": null
  },
  {
    "subtotal": 14990.0,
    "fecha": "2025-08-10T19:40:50.807010",
    "descuento_porcentaje": 0.0,
    "metodo_pago": "credito",
    "cierre_id": 17,
    "id": 302,
    "descuento": 0.0,
    "total": 14990.0,
    "estado": "aprobada",
    "datos_adicionales": null
  },
  {
    "subtotal": 4000.0,
    "fecha": "2025-08-10T19:41:29.071051",
    "descuento_porcentaje": 0.0,
    "metodo_pago": "efectivo",
    "cierre_id": 17,
    "id": 303,
    "descuento": 0.0,
    "total": 4000.0,
    "estado": "aprobada",
    "datos_adicionales": null
  },
  {
    "subtotal": 17690.0,
    "fecha": "2025-08-10T19:52:01.927009",
    "descuento_porcentaje": 0.0,
    "metodo_pago": "debito",
    "cierre_id": 17,
    "id": 304,
    "descuento": 0.0,
    "total": 17690.0,
    "estado": "aprobada",
    "datos_adicionales": null
  },
  {
    "subtotal": 14990.0,
    "fecha": "2025-08-10T21:20:25.075067",
    "descuento_porcentaje": 0.0,
    "metodo_pago": "credito",
    "cierre_id": 17,
    "id": 305,
    "descuento": 0.0,
    "total": 14990.0,
    "estado": "aprobada",
    "datos_adicionales": null
  },
  {
    "subtotal": 8990.0,
    "fecha": "2025-08-10T21:24:35.709862",
    "descuento_porcentaje": 0.0,
    "metodo_pago": "credito",
    "cierre_id": 17,
    "id": 306,
    "descuento": 0.0,
    "total": 8990.0,
    "estado": "aprobada",
    "datos_adicionales": null
  },
  {
    "subtotal": 29990.0,
    "fecha": "2025-08-10T22:35:54.807447",
    "descuento_porcentaje": 0.0,
    "metodo_pago": "credito",
    "cierre_id": 17,
    "id": 307,
    "descuento": 0.0,
    "total": 29990.0,
    "estado": "aprobada",
    "datos_adicionales": null
  },
  {
    "subtotal": 10990.0,
    "fecha": "2025-08-10T22:36:32.590719",
    "descuento_porcentaje": 0.0,
    "metodo_pago": "efectivo",
    "cierre_id": 17,
    "id": 308,
    "descuento": 0.0,
    "total": 10990.0,
    "estado": "aprobada",
    "datos_adicionales": null
  },
  {
    "subtotal": 14990.0,
    "fecha": "2025-08-10T22:55:13.527694",
    "descuento_porcentaje": 0.0,
    "metodo_pago": "debito",
    "cierre_id": 17,
    "id": 309,
    "descuento": 0.0,
    "total": 14990.0,
    "estado": "aprobada",
    "datos_adicionales": null
  },
  {
    "subtotal": 0.0,
    "fecha": "2025-08-10T23:02:22.047494",
    "descuento_porcentaje": 0.0,
    "metodo_pago": "debito",
    "cierre_id": 17,
    "id": 310,
    "descuento": 0.0,
    "total": 0.0,
    "estado": "anulada",
    "datos_adicionales": null
  },
  {
    "subtotal": 0.0,
    "fecha": "2025-08-10T23:02:22.039908",
    "descuento_porcentaje": 0.0,
    "metodo_pago": "debito",
    "cierre_id": 17,
    "id": 311,
    "descuento": 0.0,
    "total": 0.0,
    "estado": "anulada",
    "datos_adicionales": null
  },
  {
    "subtotal": 0.0,
    "fecha": "2025-08-10T23:02:22.053855",
    "descuento_porcentaje": 0.0,
    "metodo_pago": "debito",
    "cierre_id": 17,
    "id": 312,
    "descuento": 0.0,
    "total": 0.0,
    "estado": "anulada",
    "datos_adicionales": null
  },
  {
    "subtotal": 39980.0,
    "fecha": "2025-08-10T23:20:24.127928",
    "descuento_porcentaje": 0.0,
    "metodo_pago": "credito",
    "cierre_id": 17,
    "id": 313,
    "descuento": 0.0,
    "total": 39980.0,
    "estado": "aprobada",
    "datos_adicionales": null
  }
]