[
  {
    "id": 899,
    "precio": 8990.0,
    "margen": 31.8,
    "umbral_stock": 2,
    "codigo_barra": null,
    "nombre": "ENFUSION TUBO TE ARMONIZA",
    "costo": 6128.0,
    "cantidad": 4,
    "categoria_id": 9
  },
  {
    "id": 900,
    "precio": 6700.0,
    "margen": 29.9,
    "umbral_stock": 2,
    "codigo_barra": null,
    "nombre": "CAJA  EARLY GREY",
    "costo": 4700.0,
    "cantidad": 4,
    "categoria_id": 8
  },
  {
    "id": 901,
    "precio": 6700.0,
    "margen": 29.9,
    "umbral_stock": 2,
    "codigo_barra": null,
    "nombre": "CAJA ENGLISH BREAKFAST",
    "costo": 4700.0,
    "cantidad": 4,
    "categoria_id": 8
  },
  {
    "id": 902,
    "precio": 6700.0,
    "margen": 29.9,
    "umbral_stock": 2,
    "codigo_barra": null,
    "nombre": "CAJA LEMON & ORANGE ",
    "costo": 4700.0,
    "cantidad": 5,
    "categoria_id": 8
  },
  {
    "id": 903,
    "precio": 1000.0,
    "margen": 70.3,
    "umbral_stock": 2,
    "codigo_barra": null,
    "nombre": "SACHET CREAMY CARAMEL",
    "costo": 297.0,
    "cantidad": 8,
    "categoria_id": 19
  },
  {
    "id": 904,
    "precio": 1000.0,
    "margen": 70.3,
    "umbral_stock": 5,
    "codigo_barra": null,
    "nombre": "SACHET DOUBLE CHOCOLATE",
    "costo": 297.0,
    "cantidad": 9,
    "categoria_id": 19
  },
  {
    "id": 905,
    "precio": 1000.0,
    "margen": 70.3,
    "umbral_stock": 5,
    "codigo_barra": null,
    "nombre": "SACHET IRISH CREAM",
    "costo": 297.0,
    "cantidad": 9,
    "categoria_id": 19
  },
  {
    "id": 906,
    "precio": 15990.0,
    "margen": 48.4,
    "umbral_stock": 2,
    "codigo_barra": null,
    "nombre": "JARRA PARA SERVIR POMPEYA",
    "costo": 8244.0,
    "cantidad": 3,
    "categoria_id": 4
  },
  {
    "id": 907,
    "precio": 11990.0,
    "margen": 35.5,
    "umbral_stock": 2,
    "codigo_barra": null,
    "nombre": "DAVID RIO POWER CHAI",
    "costo": 7735.0,
    "cantidad": 4,
    "categoria_id": 5
  },
  {
    "id": 908,
    "precio": 10990.0,
    "margen": 31.8,
    "umbral_stock": 2,
    "codigo_barra": null,
    "nombre": "DAVID RIO ELEPHANT VAINILLA ",
    "costo": 7497.0,
    "cantidad": 3,
    "categoria_id": 5
  },
  {
    "id": 909,
    "precio": 15000.0,
    "margen": 53.3,
    "umbral_stock": 2,
    "codigo_barra": null,
    "nombre": "TETERA CUELLO DE CISNE 600ML",
    "costo": 7000.0,
    "cantidad": 3,
    "categoria_id": 4
  },
  {
    "id": 910,
    "precio": 10490.0,
    "margen": 30.0,
    "umbral_stock": 1,
    "codigo_barra": null,
    "nombre": "CAFE SENOR K COLOMBIA BLEND SANTA ROSA ",
    "costo": 7347.0,
    "cantidad": 5,
    "categoria_id": 16
  },
  {
    "id": 911,
    "precio": 6700.0,
    "margen": 29.9,
    "umbral_stock": 2,
    "codigo_barra": null,
    "nombre": "CAJA  CEYLAN ",
    "costo": 4700.0,
    "cantidad": 4,
    "categoria_id": 8
  },
  {
    "id": 912,
    "precio": 6700.0,
    "margen": 29.9,
    "umbral_stock": 2,
    "codigo_barra": null,
    "nombre": "CAJA  AFTERNOON DARJEELING",
    "costo": 4700.0,
    "cantidad": 5,
    "categoria_id": 8
  },
  {
    "id": 913,
    "precio": 6700.0,
    "margen": 29.9,
    "umbral_stock": 2,
    "codigo_barra": null,
    "nombre": "CAJA  VERDE CON JAZMIN",
    "costo": 4700.0,
    "cantidad": 5,
    "categoria_id": 8
  },
  {
    "id": 914,
    "precio": 1000.0,
    "margen": 70.3,
    "umbral_stock": 5,
    "codigo_barra": null,
    "nombre": "SACHET AMARETTO ALMOND",
    "costo": 297.0,
    "cantidad": 9,
    "categoria_id": 19
  },
  {
    "id": 915,
    "precio": 13990.0,
    "margen": 23.5,
    "umbral_stock": 2,
    "codigo_barra": null,
    "nombre": "CAFE WARAOS TIPANIE ",
    "costo": 10698.0,
    "cantidad": 3,
    "categoria_id": 16
  },
  {
    "id": 916,
    "precio": 13990.0,
    "margen": 23.5,
    "umbral_stock": 2,
    "codigo_barra": null,
    "nombre": "CAFE WARAOS TIPANIE 250GR",
    "costo": 10698.0,
    "cantidad": 4,
    "categoria_id": 3
  },
  {
    "id": 918,
    "precio": 13990.0,
    "margen": 33.7,
    "umbral_stock": 2,
    "codigo_barra": null,
    "nombre": "CAFE WARAOS K'ANTU ",
    "costo": 9270.0,
    "cantidad": 1,
    "categoria_id": 3
  },
  {
    "id": 919,
    "precio": 4500.0,
    "margen": 47.1,
    "umbral_stock": 1,
    "codigo_barra": null,
    "nombre": "TE MAHESH VERDE DETOX",
    "costo": 2380.0,
    "cantidad": 2,
    "categoria_id": 8
  },
  {
    "id": 920,
    "precio": 4500.0,
    "margen": 47.1,
    "umbral_stock": 2,
    "codigo_barra": null,
    "nombre": "TE MAHESH VERDE DIGESTIVOO",
    "costo": 2380.0,
    "cantidad": 1,
    "categoria_id": 8
  },
  {
    "id": 921,
    "precio": 4500.0,
    "margen": 47.1,
    "umbral_stock": 2,
    "codigo_barra": null,
    "nombre": "TE MAHESH BLANCO CALMA",
    "costo": 2380.0,
    "cantidad": 2,
    "categoria_id": 8
  },
  {
    "id": 922,
    "precio": 14990.0,
    "margen": 40.5,
    "umbral_stock": 1,
    "codigo_barra": null,
    "nombre": "SYRUP CARAMEL",
    "costo": 8925.0,
    "cantidad": 4,
    "categoria_id": 10
  },
  {
    "id": 923,
    "precio": 4500.0,
    "margen": 47.1,
    "umbral_stock": 1,
    "codigo_barra": null,
    "nombre": "TE MAHESH NEGRO CHAI ENERGIA ",
    "costo": 2380.0,
    "cantidad": 1,
    "categoria_id": 8
  },
  {
    "id": 924,
    "precio": 23990.0,
    "margen": 45.0,
    "umbral_stock": 2,
    "codigo_barra": null,
    "nombre": "CAFETERA ITALIANA OROLEY TOUAREG 6 TAZAS",
    "costo": 13193.0,
    "cantidad": 4,
    "categoria_id": 20
  },
  {
    "id": 925,
    "precio": 28990.0,
    "margen": 46.2,
    "umbral_stock": 2,
    "codigo_barra": null,
    "nombre": "CAFETERA ITALIANA OROLEY NEW DAKAR  9 TAZAS",
    "costo": 15593.0,
    "cantidad": 4,
    "categoria_id": 20
  },
  {
    "id": 926,
    "precio": 22990.0,
    "margen": 49.8,
    "umbral_stock": 2,
    "codigo_barra": null,
    "nombre": "CAFETERA  ITALIANA OROLEY ALU 6 TAZAS",
    "costo": 11544.0,
    "cantidad": 2,
    "categoria_id": 20
  },
  {
    "id": 927,
    "precio": 24990.0,
    "margen": 53.8,
    "umbral_stock": 2,
    "codigo_barra": null,
    "nombre": "CAFETERA  ITALIANA OROLEY STILLA INOXIDABLE 2 TAZAS",
    "costo": 11543.0,
    "cantidad": 4,
    "categoria_id": 20
  },
  {
    "id": 929,
    "precio": 4500.0,
    "margen": 47.1,
    "umbral_stock": 1,
    "codigo_barra": null,
    "nombre": "TE MAHESH ROJO BIENESTAR",
    "costo": 2380.0,
    "cantidad": 0,
    "categoria_id": 8
  },
  {
    "id": 930,
    "precio": 11990.0,
    "margen": 35.5,
    "umbral_stock": 2,
    "codigo_barra": null,
    "nombre": "DAVID RIO CHAI EXPRESSO",
    "costo": 7735.0,
    "cantidad": 5,
    "categoria_id": 5
  },
  {
    "id": 931,
    "precio": 14990.0,
    "margen": 23.7,
    "umbral_stock": 1,
    "codigo_barra": null,
    "nombre": "CAFE FOLKS BLEND 8020 ",
    "costo": 11436.0,
    "cantidad": 2,
    "categoria_id": 3
  },
  {
    "id": 932,
    "precio": 15990.0,
    "margen": 22.2,
    "umbral_stock": 1,
    "codigo_barra": null,
    "nombre": "CAFE FOLKS PERU MISTURA ",
    "costo": 12442.0,
    "cantidad": 2,
    "categoria_id": 3
  },
  {
    "id": 933,
    "precio": 15990.0,
    "margen": 23.5,
    "umbral_stock": 2,
    "codigo_barra": null,
    "nombre": "CAFE FOLKS BRASIL ",
    "costo": 12227.0,
    "cantidad": 2,
    "categoria_id": 3
  },
  {
    "id": 934,
    "precio": 14990.0,
    "margen": 23.7,
    "umbral_stock": 1,
    "codigo_barra": null,
    "nombre": "CAFE FOLKS BLEND 820 ",
    "costo": 11436.0,
    "cantidad": 3,
    "categoria_id": 16
  },
  {
    "id": 935,
    "precio": 10990.0,
    "margen": 30.0,
    "umbral_stock": 2,
    "codigo_barra": null,
    "nombre": "CAFE SENOR K  PATAGONIA INTENSO ",
    "costo": 7693.0,
    "cantidad": 5,
    "categoria_id": 16
  },
  {
    "id": 936,
    "precio": 12990.0,
    "margen": 34.3,
    "umbral_stock": 2,
    "codigo_barra": null,
    "nombre": "CAFE SENOR K  LOS ANDES INTENSO ",
    "costo": 8533.0,
    "cantidad": 5,
    "categoria_id": 16
  },
  {
    "id": 937,
    "precio": 15990.0,
    "margen": 25.6,
    "umbral_stock": 2,
    "codigo_barra": null,
    "nombre": "CAFE CCCR  HONDURAS NATURAL 250GR",
    "costo": 11900.0,
    "cantidad": 4,
    "categoria_id": 3
  },
  {
    "id": 938,
    "precio": 13990.0,
    "margen": 36.2,
    "umbral_stock": 2,
    "codigo_barra": null,
    "nombre": "CAFE CCCR  GUATEMALA HUEHIUE TENANGO 250GR",
    "costo": 8925.0,
    "cantidad": 5,
    "categoria_id": 3
  },
  {
    "id": 939,
    "precio": 17000.0,
    "margen": 38.9,
    "umbral_stock": 1,
    "codigo_barra": null,
    "nombre": "CAFETERA ITALIANA OROLEY NEW DAKAR NATURE 1 TAZA",
    "costo": 10393.0,
    "cantidad": 2,
    "categoria_id": 20
  },
  {
    "id": 940,
    "precio": 4500.0,
    "margen": 47.1,
    "umbral_stock": 1,
    "codigo_barra": null,
    "nombre": "TE MAHESH AZUL HERBAL ",
    "costo": 2380.0,
    "cantidad": 0,
    "categoria_id": 8
  },
  {
    "id": 941,
    "precio": 14990.0,
    "margen": 40.5,
    "umbral_stock": 1,
    "codigo_barra": null,
    "nombre": "SYRUP VAINILLA",
    "costo": 8925.0,
    "cantidad": 1,
    "categoria_id": 10
  },
  {
    "id": 942,
    "precio": 2000.0,
    "margen": 40.1,
    "umbral_stock": 2,
    "codigo_barra": null,
    "nombre": "REPUESTO OROLEY FILTRO ALUMINIO 6 TAZAS",
    "costo": 1199.0,
    "cantidad": 5,
    "categoria_id": 12
  },
  {
    "id": 943,
    "precio": 3500.0,
    "margen": 40.0,
    "umbral_stock": 2,
    "codigo_barra": null,
    "nombre": "REPUESTO OROLEY RECAMBIO EMBUDO 1 TAZA",
    "costo": 2100.0,
    "cantidad": 5,
    "categoria_id": 12
  },
  {
    "id": 944,
    "precio": 4500.0,
    "margen": 42.7,
    "umbral_stock": 2,
    "codigo_barra": null,
    "nombre": "REPUESTO OROLEY RECAMBIO EMBUDO 9 TAZAS",
    "costo": 2579.0,
    "cantidad": 5,
    "categoria_id": 12
  },
  {
    "id": 945,
    "precio": 2300.0,
    "margen": 34.8,
    "umbral_stock": 2,
    "codigo_barra": null,
    "nombre": "REPUESTO OROLEY ARANDELE SILICONA 6 TAZAS",
    "costo": 1500.0,
    "cantidad": 5,
    "categoria_id": 12
  },
  {
    "id": 946,
    "precio": 14990.0,
    "margen": 40.5,
    "umbral_stock": 2,
    "codigo_barra": null,
    "nombre": "SYRUP HAZELNUT",
    "costo": 8925.0,
    "cantidad": 4,
    "categoria_id": 10
  },
  {
    "id": 947,
    "precio": 1600.0,
    "margen": 43.8,
    "umbral_stock": 2,
    "codigo_barra": null,
    "nombre": "REPUESTO OROLEY FILTRO ALUMINIO 1 TAZA ",
    "costo": 899.0,
    "cantidad": 5,
    "categoria_id": 12
  },
  {
    "id": 948,
    "precio": 14990.0,
    "margen": 33.5,
    "umbral_stock": 2,
    "codigo_barra": null,
    "nombre": "CAFE FACTO DIEGO HORTA  ",
    "costo": 9966.0,
    "cantidad": 1,
    "categoria_id": 3
  },
  {
    "id": 949,
    "precio": 15990.0,
    "margen": 32.1,
    "umbral_stock": 2,
    "codigo_barra": null,
    "nombre": "CAFE FACTO KOLLA BOLCHA ",
    "costo": 10858.0,
    "cantidad": 0,
    "categoria_id": 3
  },
  {
    "id": 950,
    "precio": 15990.0,
    "margen": 39.5,
    "umbral_stock": 2,
    "codigo_barra": null,
    "nombre": "CAFE FACTO ABAPORU ",
    "costo": 9668.0,
    "cantidad": 4,
    "categoria_id": 3
  },
  {
    "id": 951,
    "precio": 12990.0,
    "margen": 29.5,
    "umbral_stock": 2,
    "codigo_barra": null,
    "nombre": "CAFE NUMERAL #5 COLOMBIA PINK 250GR",
    "costo": 9163.0,
    "cantidad": 1,
    "categoria_id": 3
  },
  {
    "id": 952,
    "precio": 14990.0,
    "margen": 55.4,
    "umbral_stock": 2,
    "codigo_barra": null,
    "nombre": "CAFE FACTO CAETANO",
    "costo": 6693.0,
    "cantidad": 2,
    "categoria_id": 3
  },
  {
    "id": 954,
    "precio": 12990.0,
    "margen": 31.3,
    "umbral_stock": 2,
    "codigo_barra": null,
    "nombre": "CAFE CCCR  BLEND DARK HUMOR 250GR",
    "costo": 8925.0,
    "cantidad": 5,
    "categoria_id": 3
  },
  {
    "id": 955,
    "precio": 11990.0,
    "margen": 45.8,
    "umbral_stock": 2,
    "codigo_barra": null,
    "nombre": "CAFETERA FRANCESA  600 ML",
    "costo": 6493.0,
    "cantidad": 6,
    "categoria_id": 21
  },
  {
    "id": 956,
    "precio": 15990.0,
    "margen": 30.1,
    "umbral_stock": 1,
    "codigo_barra": null,
    "nombre": "CAFE WARAOS QUIMBAYA 250GR",
    "costo": 11174.0,
    "cantidad": 0,
    "categoria_id": 16
  },
  {
    "id": 957,
    "precio": 10990.0,
    "margen": 31.8,
    "umbral_stock": 5,
    "codigo_barra": null,
    "nombre": "DAVID RIO TIGER SPICE",
    "costo": 7497.0,
    "cantidad": 6,
    "categoria_id": 5
  },
  {
    "id": 958,
    "precio": 9500.0,
    "margen": 30.8,
    "umbral_stock": 1,
    "codigo_barra": null,
    "nombre": "DRIP SENOR K SAUSALITO COFFEE",
    "costo": 6572.0,
    "cantidad": 0,
    "categoria_id": 13
  },
  {
    "id": 959,
    "precio": 4500.0,
    "margen": 47.1,
    "umbral_stock": 2,
    "codigo_barra": null,
    "nombre": "TE MAHESH AZUL DIURETICO",
    "costo": 2380.0,
    "cantidad": 0,
    "categoria_id": 8
  },
  {
    "id": 960,
    "precio": 9500.0,
    "margen": 30.8,
    "umbral_stock": 2,
    "codigo_barra": null,
    "nombre": "DRIP SENOR K LADERAS DEL TAPIAS COFFEE",
    "costo": 6572.0,
    "cantidad": 4,
    "categoria_id": 13
  },
  {
    "id": 961,
    "precio": 14990.0,
    "margen": 23.0,
    "umbral_stock": 1,
    "codigo_barra": null,
    "nombre": "CAFE FOLKS NICARAGUA ",
    "costo": 11547.0,
    "cantidad": 0,
    "categoria_id": 16
  },
  {
    "id": 962,
    "precio": 9500.0,
    "margen": 30.8,
    "umbral_stock": 2,
    "codigo_barra": null,
    "nombre": "DRIP PERU CHACRAS D'DAGO",
    "costo": 6572.0,
    "cantidad": 4,
    "categoria_id": 13
  },
  {
    "id": 963,
    "precio": 9500.0,
    "margen": 30.8,
    "umbral_stock": 1,
    "codigo_barra": null,
    "nombre": "DRIP SENOR K BLEND SANTA ROSA COFFEE ",
    "costo": 6572.0,
    "cantidad": 2,
    "categoria_id": 13
  },
  {
    "id": 964,
    "precio": 12990.0,
    "margen": 34.0,
    "umbral_stock": 1,
    "codigo_barra": null,
    "nombre": "CAFE NUMERAL #4 HONDURAS ",
    "costo": 8568.0,
    "cantidad": 0,
    "categoria_id": 3
  },
  {
    "id": 965,
    "precio": 8990.0,
    "margen": 31.8,
    "umbral_stock": 2,
    "codigo_barra": null,
    "nombre": "ENFUSION TUBO TE EQUILIBRA",
    "costo": 6128.0,
    "cantidad": 5,
    "categoria_id": 9
  },
  {
    "id": 966,
    "precio": 8990.0,
    "margen": 31.8,
    "umbral_stock": 2,
    "codigo_barra": null,
    "nombre": "ENFUSION TUBO TE CALMA",
    "costo": 6128.0,
    "cantidad": 5,
    "categoria_id": 9
  },
  {
    "id": 967,
    "precio": 8990.0,
    "margen": 31.8,
    "umbral_stock": 2,
    "codigo_barra": null,
    "nombre": "ENFUSION TUBO NATURAL PAWER",
    "costo": 6128.0,
    "cantidad": 5,
    "categoria_id": 9
  },
  {
    "id": 968,
    "precio": 8990.0,
    "margen": 31.8,
    "umbral_stock": 2,
    "codigo_barra": null,
    "nombre": "ENFUSION TUBO NATURAL PEACE",
    "costo": 6128.0,
    "cantidad": 5,
    "categoria_id": 9
  },
  {
    "id": 970,
    "precio": 13990.0,
    "margen": 36.2,
    "umbral_stock": 1,
    "codigo_barra": null,
    "nombre": "CAFE CCCR  COSTA RICA COLIBRI 250GR",
    "costo": 8925.0,
    "cantidad": 5,
    "categoria_id": 3
  },
  {
    "id": 971,
    "precio": 8990.0,
    "margen": 31.8,
    "umbral_stock": 2,
    "codigo_barra": null,
    "nombre": "ENFUSION TUBO TE ANIMA",
    "costo": 6128.0,
    "cantidad": 5,
    "categoria_id": 9
  },
  {
    "id": 953,
    "precio": 12990.0,
    "margen": 46.0,
    "umbral_stock": 2,
    "codigo_barra": null,
    "nombre": "CAFE NUMERAL #9 GUATEMALA 250GR",
    "costo": 7021.0,
    "cantidad": 1,
    "categoria_id": 3
  },
  {
    "id": 917,
    "precio": 13990.0,
    "margen": 33.7,
    "umbral_stock": 2,
    "codigo_barra": null,
    "nombre": "CAFE WARAOS K'ANTU 250GR",
    "costo": 9270.0,
    "cantidad": 1,
    "categoria_id": 16
  },
  {
    "id": 972,
    "precio": 8990.0,
    "margen": 31.8,
    "umbral_stock": 2,
    "codigo_barra": null,
    "nombre": "ENFUSION TUBO TE ACTIVA",
    "costo": 6128.0,
    "cantidad": 4,
    "categoria_id": 9
  },
  {
    "id": 973,
    "precio": 2700.0,
    "margen": 46.7,
    "umbral_stock": 2,
    "codigo_barra": null,
    "nombre": "REPUESTO OROLEY FILTRO ALUMINIO 9 TAZAS",
    "costo": 1439.0,
    "cantidad": 5,
    "categoria_id": 12
  },
  {
    "id": 974,
    "precio": 4000.0,
    "margen": 40.0,
    "umbral_stock": 2,
    "codigo_barra": null,
    "nombre": "REPUESTO OROLEY RECAMBIO EMBUDO 6 TAZAS",
    "costo": 2400.0,
    "cantidad": 5,
    "categoria_id": 12
  },
  {
    "id": 975,
    "precio": 2000.0,
    "margen": 40.1,
    "umbral_stock": 2,
    "codigo_barra": null,
    "nombre": "REPUESTO OROLEY ARANDELE SILICONA 1 TAZA",
    "costo": 1199.0,
    "cantidad": 5,
    "categoria_id": 12
  },
  {
    "id": 976,
    "precio": 2800.0,
    "margen": 40.0,
    "umbral_stock": 2,
    "codigo_barra": null,
    "nombre": "REPUESTO OROLEY ARANDELE SILICONA 9 TAZAS",
    "costo": 1679.0,
    "cantidad": 5,
    "categoria_id": 12
  },
  {
    "id": 977,
    "precio": 16000.0,
    "margen": 43.8,
    "umbral_stock": 2,
    "codigo_barra": null,
    "nombre": "CAFETERA  ITALIANA OROLEY NEW DAKAR  1 TAZA",
    "costo": 8992.0,
    "cantidad": 4,
    "categoria_id": 20
  },
  {
    "id": 978,
    "precio": 29990.0,
    "margen": 39.3,
    "umbral_stock": 1,
    "codigo_barra": null,
    "nombre": "CAFETERA ITALIANA OROLEY NEW DAKAR NATURE 6 TAZAS",
    "costo": 18193.0,
    "cantidad": 2,
    "categoria_id": 20
  },
  {
    "id": 979,
    "precio": 15000.0,
    "margen": 53.4,
    "umbral_stock": 1,
    "codigo_barra": null,
    "nombre": "CAFETERA ITALIANA PENSRAY  (CHINA)",
    "costo": 6990.0,
    "cantidad": 3,
    "categoria_id": 20
  },
  {
    "id": 980,
    "precio": 14990.0,
    "margen": 53.4,
    "umbral_stock": 5,
    "codigo_barra": null,
    "nombre": "CAFE FACTO SANTA RITA ",
    "costo": 6991.0,
    "cantidad": 4,
    "categoria_id": 3
  },
  {
    "id": 981,
    "precio": 8000.0,
    "margen": 62.6,
    "umbral_stock": 2,
    "codigo_barra": null,
    "nombre": "CAFETERA FRANCESA GLASS ROJA  600ML",
    "costo": 2990.0,
    "cantidad": 6,
    "categoria_id": 21
  },
  {
    "id": 982,
    "precio": 7990.0,
    "margen": 43.1,
    "umbral_stock": 2,
    "codigo_barra": null,
    "nombre": "CAFETERA FRANCESA  350 ",
    "costo": 4543.0,
    "cantidad": 3,
    "categoria_id": 21
  },
  {
    "id": 983,
    "precio": 12990.0,
    "margen": 29.5,
    "umbral_stock": 2,
    "codigo_barra": null,
    "nombre": "CAFE NUMERAL #5 COLOMBIA ",
    "costo": 9163.0,
    "cantidad": 0,
    "categoria_id": 16
  },
  {
    "id": 985,
    "precio": 11900.0,
    "margen": 40.0,
    "umbral_stock": 2,
    "codigo_barra": null,
    "nombre": "CAFETERA FRANCESA UDINE 350 ML",
    "costo": 7140.0,
    "cantidad": 4,
    "categoria_id": 21
  },
  {
    "id": 986,
    "precio": 14990.0,
    "margen": 25.3,
    "umbral_stock": 1,
    "codigo_barra": null,
    "nombre": "CAFE PACE FOCUS",
    "costo": 11192.0,
    "cantidad": 2,
    "categoria_id": 3
  },
  {
    "id": 987,
    "precio": 14990.0,
    "margen": 25.3,
    "umbral_stock": 1,
    "codigo_barra": null,
    "nombre": "CAFE PACE FOCUS ",
    "costo": 11192.0,
    "cantidad": 0,
    "categoria_id": 16
  },
  {
    "id": 988,
    "precio": 12990.0,
    "margen": 26.2,
    "umbral_stock": 1,
    "codigo_barra": null,
    "nombre": "CAFE PACE ENJOY",
    "costo": 9592.0,
    "cantidad": 0,
    "categoria_id": 16
  },
  {
    "id": 989,
    "precio": 14990.0,
    "margen": 25.3,
    "umbral_stock": 1,
    "codigo_barra": null,
    "nombre": "CAFE PACE BOOTS ",
    "costo": 11192.0,
    "cantidad": 2,
    "categoria_id": 3
  },
  {
    "id": 990,
    "precio": 14990.0,
    "margen": 25.3,
    "umbral_stock": 1,
    "codigo_barra": null,
    "nombre": "CAFE PACE BOOTS",
    "costo": 11192.0,
    "cantidad": 2,
    "categoria_id": 16
  },
  {
    "id": 991,
    "precio": 15000.0,
    "margen": 53.4,
    "umbral_stock": 1,
    "codigo_barra": null,
    "nombre": "MOLINILLO DE CAFE ",
    "costo": 6990.0,
    "cantidad": 0,
    "categoria_id": 4
  },
  {
    "id": 992,
    "precio": 500.0,
    "margen": 99.8,
    "umbral_stock": 5,
    "codigo_barra": null,
    "nombre": "TE SUELTO",
    "costo": 1.0,
    "cantidad": 2,
    "categoria_id": 4
  },
  {
    "id": 993,
    "precio": 2000.0,
    "margen": 100.0,
    "umbral_stock": 7,
    "codigo_barra": null,
    "nombre": "BOLSA DE ENFUSION",
    "costo": 1.0,
    "cantidad": 5,
    "categoria_id": 4
  },
  {
    "id": 994,
    "precio": 12990.0,
    "margen": 34.0,
    "umbral_stock": 5,
    "codigo_barra": null,
    "nombre": "CAFE NUMERAL #4 HONDURAS",
    "costo": 8568.0,
    "cantidad": 0,
    "categoria_id": 16
  },
  {
    "id": 995,
    "precio": 29990.0,
    "margen": 40.5,
    "umbral_stock": 2,
    "codigo_barra": null,
    "nombre": "CAFETERA ITALIANA AMARILLA 6 TAZAS ",
    "costo": 17850.0,
    "cantidad": 5,
    "categoria_id": 20
  },
  {
    "id": 996,
    "precio": 14990.0,
    "margen": 43.7,
    "umbral_stock": 2,
    "codigo_barra": null,
    "nombre": "CAFETERA FRANCESA DE COLOR 600 ML",
    "costo": 8443.0,
    "cantidad": 3,
    "categoria_id": 21
  },
  {
    "id": 998,
    "precio": 17000.0,
    "margen": 23.5,
    "umbral_stock": 1,
    "codigo_barra": null,
    "nombre": "CAFE 3CICLO ",
    "costo": 13000.0,
    "cantidad": 1,
    "categoria_id": 3
  },
  {
    "id": 999,
    "precio": 4500.0,
    "margen": 47.1,
    "umbral_stock": 2,
    "codigo_barra": null,
    "nombre": "TE MAHESH VERDE ANSIEDAD",
    "costo": 2380.0,
    "cantidad": 1,
    "categoria_id": 8
  },
  {
    "id": 1000,
    "precio": 15000.0,
    "margen": 53.4,
    "umbral_stock": 1,
    "codigo_barra": null,
    "nombre": "TETERA DE INFUSION CHINA ",
    "costo": 6990.0,
    "cantidad": 1,
    "categoria_id": 4
  },
  {
    "id": 1001,
    "precio": 10490.0,
    "margen": 100.0,
    "umbral_stock": 1,
    "codigo_barra": null,
    "nombre": "SENOR K MANIZALES ",
    "costo": 1.0,
    "cantidad": 3,
    "categoria_id": 16
  },
  {
    "id": 1002,
    "precio": 15990.0,
    "margen": 37.7,
    "umbral_stock": 2,
    "codigo_barra": null,
    "nombre": "CAFE FACTO DIOMER FIGUEROA ",
    "costo": 9966.0,
    "cantidad": 0,
    "categoria_id": 3
  },
  {
    "id": 1003,
    "precio": 8990.0,
    "margen": 42.2,
    "umbral_stock": 2,
    "codigo_barra": null,
    "nombre": "CAFETERA FRANCESA VERDE 350  ML",
    "costo": 5193.0,
    "cantidad": 6,
    "categoria_id": 21
  },
  {
    "id": 1004,
    "precio": 16990.0,
    "margen": 29.4,
    "umbral_stock": 1,
    "codigo_barra": null,
    "nombre": "WARAOS  BRUSELAS ",
    "costo": 12000.0,
    "cantidad": 3,
    "categoria_id": 16
  },
  {
    "id": 1005,
    "precio": 16990.0,
    "margen": 29.4,
    "umbral_stock": 2,
    "codigo_barra": null,
    "nombre": "WARAOS VOLCAN",
    "costo": 12000.0,
    "cantidad": 1,
    "categoria_id": 16
  },
  {
    "id": 1006,
    "precio": 16990.0,
    "margen": 29.4,
    "umbral_stock": 2,
    "codigo_barra": null,
    "nombre": "WARAOAS BRUSELA",
    "costo": 12000.0,
    "cantidad": 2,
    "categoria_id": 3
  },
  {
    "id": 984,
    "precio": 12990.0,
    "margen": 46.0,
    "umbral_stock": 2,
    "codigo_barra": null,
    "nombre": "CAFE NUMERAL #9  GUATEMALA",
    "costo": 7021.0,
    "cantidad": 0,
    "categoria_id": 16
  },
  {
    "id": 928,
    "precio": 4500.0,
    "margen": 47.1,
    "umbral_stock": 1,
    "codigo_barra": null,
    "nombre": "TE MAHESH BLANCO RELAX",
    "costo": 2380.0,
    "cantidad": 1,
    "categoria_id": 8
  },
  {
    "id": 997,
    "precio": 12990.0,
    "margen": 60.0,
    "umbral_stock": 2,
    "codigo_barra": null,
    "nombre": "CAFETERA FRANCESA NARANJA 350 ML",
    "costo": 5193.0,
    "cantidad": 5,
    "categoria_id": 21
  },
  {
    "id": 969,
    "precio": 8990.0,
    "margen": 31.8,
    "umbral_stock": 2,
    "codigo_barra": null,
    "nombre": "ENFUSION TUBO MUJER VIDA",
    "costo": 6128.0,
    "cantidad": 2,
    "categoria_id": 9
  }
]