[
  {
    "id": 496,
    "descuento": 0.0,
    "total": 9990.0,
    "estado": "aprobada",
    "datos_adicionales": null,
    "fecha": "2025-08-02T19:14:06.007820",
    "subtotal": 0.0,
    "descuento_porcentaje": 0.0,
    "metodo_pago": "debito",
    "cierre_id": 2
  },
  {
    "id": 497,
    "descuento": 0.0,
    "total": 15990.0,
    "estado": "aprobada",
    "datos_adicionales": null,
    "fecha": "2025-08-02T20:13:03.886269",
    "subtotal": 0.0,
    "descuento_porcentaje": 0.0,
    "metodo_pago": "debito",
    "cierre_id": 2
  },
  {
    "id": 498,
    "descuento": 0.0,
    "total": 12500.0,
    "estado": "aprobada",
    "datos_adicionales": null,
    "fecha": "2025-08-02T20:35:47.778425",
    "subtotal": 0.0,
    "descuento_porcentaje": 0.0,
    "metodo_pago": "credito",
    "cierre_id": 2
  },
  {
    "id": 499,
    "descuento": 0.0,
    "total": 20490.0,
    "estado": "aprobada",
    "datos_adicionales": null,
    "fecha": "2025-08-02T21:29:53.235278",
    "subtotal": 0.0,
    "descuento_porcentaje": 0.0,
    "metodo_pago": "debito",
    "cierre_id": 2
  },
  {
    "id": 500,
    "descuento": 100.0,
    "total": 900.0,
    "estado": "anulada",
    "datos_adicionales": null,
    "fecha": "2025-08-03T05:18:39.202614",
    "subtotal": 1000.0,
    "descuento_porcentaje": 10.0,
    "metodo_pago": "efectivo",
    "cierre_id": 12
  },
  {
    "id": 501,
    "descuento": 0.0,
    "total": 10990.0,
    "estado": "aprobada",
    "datos_adicionales": null,
    "fecha": "2025-08-03T01:20:54.582961",
    "subtotal": 0.0,
    "descuento_porcentaje": 0.0,
    "metodo_pago": "debito",
    "cierre_id": 12
  },
  {
    "id": 502,
    "descuento": 0.0,
    "total": 10500.0,
    "estado": "aprobada",
    "datos_adicionales": null,
    "fecha": "2025-08-03T01:37:03.310020",
    "subtotal": 0.0,
    "descuento_porcentaje": 0.0,
    "metodo_pago": "debito",
    "cierre_id": 12
  },
  {
    "id": 503,
    "descuento": 0.0,
    "total": 10990.0,
    "estado": "aprobada",
    "datos_adicionales": null,
    "fecha": "2025-08-03T18:06:48.516214",
    "subtotal": 10990.0,
    "descuento_porcentaje": 0.0,
    "metodo_pago": "debito",
    "cierre_id": 12
  },
  {
    "id": 504,
    "descuento": 2549.0,
    "total": 48431.0,
    "estado": "aprobada",
    "datos_adicionales": null,
    "fecha": "2025-08-03T22:12:00.484323",
    "subtotal": 50980.0,
    "descuento_porcentaje": 5.0,
    "metodo_pago": "credito",
    "cierre_id": 12
  },
  {
    "id": 505,
    "descuento": 0.0,
    "total": 14000.0,
    "estado": "aprobada",
    "datos_adicionales": null,
    "fecha": "2025-08-03T23:30:34.854855",
    "subtotal": 14000.0,
    "descuento_porcentaje": 0.0,
    "metodo_pago": "debito",
    "cierre_id": 12
  },
  {
    "id": 506,
    "descuento": 0.0,
    "total": 9500.0,
    "estado": "aprobada",
    "datos_adicionales": null,
    "fecha": "2025-08-02T22:01:48.564740",
    "subtotal": 0.0,
    "descuento_porcentaje": 0.0,
    "metodo_pago": "debito",
    "cierre_id": 2
  },
  {
    "id": 507,
    "descuento": 0.0,
    "total": 4500.0,
    "estado": "aprobada",
    "datos_adicionales": null,
    "fecha": "2025-08-02T23:00:07.456955",
    "subtotal": 0.0,
    "descuento_porcentaje": 0.0,
    "metodo_pago": "transferencia",
    "cierre_id": 2
  },
  {
    "id": 508,
    "descuento": 0.0,
    "total": 3500.0,
    "estado": "aprobada",
    "datos_adicionales": null,
    "fecha": "2025-08-05T19:31:10.166567",
    "subtotal": 3500.0,
    "descuento_porcentaje": 0.0,
    "metodo_pago": "debito",
    "cierre_id": 13
  },
  {
    "id": 509,
    "descuento": 0.0,
    "total": 14500.0,
    "estado": "aprobada",
    "datos_adicionales": null,
    "fecha": "2025-08-02T23:27:40.043413",
    "subtotal": 0.0,
    "descuento_porcentaje": 0.0,
    "metodo_pago": "efectivo",
    "cierre_id": 2
  },
  {
    "id": 510,
    "descuento": 0.0,
    "total": 45490.0,
    "estado": "aprobada",
    "datos_adicionales": null,
    "fecha": "2025-08-06T18:57:44.277704",
    "subtotal": 45490.0,
    "descuento_porcentaje": 0.0,
    "metodo_pago": "debito",
    "cierre_id": 14
  },
  {
    "id": 511,
    "descuento": 0.0,
    "total": 31500.0,
    "estado": "aprobada",
    "datos_adicionales": null,
    "fecha": "2025-08-06T22:12:54.365635",
    "subtotal": 31500.0,
    "descuento_porcentaje": 0.0,
    "metodo_pago": "efectivo",
    "cierre_id": 14
  },
  {
    "id": 512,
    "descuento": 0.0,
    "total": 12990.0,
    "estado": "aprobada",
    "datos_adicionales": null,
    "fecha": "2025-08-09T00:18:16.556660",
    "subtotal": 12990.0,
    "descuento_porcentaje": 0.0,
    "metodo_pago": "credito",
    "cierre_id": 16
  },
  {
    "id": 513,
    "descuento": 0.0,
    "total": 74950.0,
    "estado": "aprobada",
    "datos_adicionales": null,
    "fecha": "2025-08-09T16:24:01.467641",
    "subtotal": 74950.0,
    "descuento_porcentaje": 0.0,
    "metodo_pago": "debito",
    "cierre_id": 16
  },
  {
    "id": 514,
    "descuento": 0.0,
    "total": 24980.0,
    "estado": "aprobada",
    "datos_adicionales": null,
    "fecha": "2025-08-08T20:13:57.585600",
    "subtotal": 24980.0,
    "descuento_porcentaje": 0.0,
    "metodo_pago": "debito",
    "cierre_id": 15
  },
  {
    "id": 515,
    "descuento": 0.0,
    "total": 12990.0,
    "estado": "aprobada",
    "datos_adicionales": null,
    "fecha": "2025-08-08T20:21:11.540896",
    "subtotal": 12990.0,
    "descuento_porcentaje": 0.0,
    "metodo_pago": "credito",
    "cierre_id": 15
  },
  {
    "id": 516,
    "descuento": 0.0,
    "total": 9000.0,
    "estado": "aprobada",
    "datos_adicionales": null,
    "fecha": "2025-08-08T21:11:26.983993",
    "subtotal": 9000.0,
    "descuento_porcentaje": 0.0,
    "metodo_pago": "debito",
    "cierre_id": 15
  },
  {
    "id": 517,
    "descuento": 0.0,
    "total": 9000.0,
    "estado": "aprobada",
    "datos_adicionales": null,
    "fecha": "2025-08-08T21:14:31.270553",
    "subtotal": 9000.0,
    "descuento_porcentaje": 0.0,
    "metodo_pago": "debito",
    "cierre_id": 15
  },
  {
    "id": 518,
    "descuento": 0.0,
    "total": 0.0,
    "estado": "anulada",
    "datos_adicionales": null,
    "fecha": "2025-08-09T16:34:14.937273",
    "subtotal": 0.0,
    "descuento_porcentaje": 0.0,
    "metodo_pago": "debito",
    "cierre_id": 16
  },
  {
    "id": 519,
    "descuento": 0.0,
    "total": 33990.0,
    "estado": "aprobada",
    "datos_adicionales": null,
    "fecha": "2025-08-09T16:53:47.038355",
    "subtotal": 33990.0,
    "descuento_porcentaje": 0.0,
    "metodo_pago": "debito",
    "cierre_id": 16
  },
  {
    "id": 520,
    "descuento": 0.0,
    "total": 26980.0,
    "estado": "aprobada",
    "datos_adicionales": null,
    "fecha": "2025-08-09T19:06:21.889333",
    "subtotal": 26980.0,
    "descuento_porcentaje": 0.0,
    "metodo_pago": "credito",
    "cierre_id": 16
  },
  {
    "id": 521,
    "descuento": 0.0,
    "total": 13990.0,
    "estado": "aprobada",
    "datos_adicionales": null,
    "fecha": "2025-08-09T20:11:38.308381",
    "subtotal": 13990.0,
    "descuento_porcentaje": 0.0,
    "metodo_pago": "debito",
    "cierre_id": 16
  },
  {
    "id": 522,
    "descuento": 0.0,
    "total": 23690.0,
    "estado": "aprobada",
    "datos_adicionales": null,
    "fecha": "2025-08-09T20:23:52.995737",
    "subtotal": 23690.0,
    "descuento_porcentaje": 0.0,
    "metodo_pago": "credito",
    "cierre_id": 16
  },
  {
    "id": 523,
    "descuento": 0.0,
    "total": 4500.0,
    "estado": "aprobada",
    "datos_adicionales": null,
    "fecha": "2025-08-09T20:40:12.940626",
    "subtotal": 4500.0,
    "descuento_porcentaje": 0.0,
    "metodo_pago": "debito",
    "cierre_id": 16
  },
  {
    "id": 524,
    "descuento": 0.0,
    "total": 13990.0,
    "estado": "aprobada",
    "datos_adicionales": null,
    "fecha": "2025-08-09T20:42:48.634326",
    "subtotal": 13990.0,
    "descuento_porcentaje": 0.0,
    "metodo_pago": "debito",
    "cierre_id": 16
  },
  {
    "id": 525,
    "descuento": 0.0,
    "total": 13990.0,
    "estado": "aprobada",
    "datos_adicionales": null,
    "fecha": "2025-08-09T21:01:10.585016",
    "subtotal": 13990.0,
    "descuento_porcentaje": 0.0,
    "metodo_pago": "debito",
    "cierre_id": 16
  },
  {
    "id": 526,
    "descuento": 0.0,
    "total": 16990.0,
    "estado": "aprobada",
    "datos_adicionales": null,
    "fecha": "2025-08-09T21:03:08.817410",
    "subtotal": 16990.0,
    "descuento_porcentaje": 0.0,
    "metodo_pago": "debito",
    "cierre_id": 16
  },
  {
    "id": 527,
    "descuento": 0.0,
    "total": 15000.0,
    "estado": "aprobada",
    "datos_adicionales": null,
    "fecha": "2025-08-09T21:25:54.838839",
    "subtotal": 15000.0,
    "descuento_porcentaje": 0.0,
    "metodo_pago": "debito",
    "cierre_id": 16
  },
  {
    "id": 528,
    "descuento": 0.0,
    "total": 13990.0,
    "estado": "aprobada",
    "datos_adicionales": null,
    "fecha": "2025-08-09T21:52:01.412778",
    "subtotal": 13990.0,
    "descuento_porcentaje": 0.0,
    "metodo_pago": "debito",
    "cierre_id": 16
  },
  {
    "id": 529,
    "descuento": 0.0,
    "total": 28990.0,
    "estado": "aprobada",
    "datos_adicionales": null,
    "fecha": "2025-08-09T21:55:53.535479",
    "subtotal": 28990.0,
    "descuento_porcentaje": 0.0,
    "metodo_pago": "debito",
    "cierre_id": 16
  },
  {
    "id": 530,
    "descuento": 0.0,
    "total": 12990.0,
    "estado": "aprobada",
    "datos_adicionales": null,
    "fecha": "2025-08-09T21:59:12.398976",
    "subtotal": 12990.0,
    "descuento_porcentaje": 0.0,
    "metodo_pago": "debito",
    "cierre_id": 16
  },
  {
    "id": 531,
    "descuento": 0.0,
    "total": 30990.0,
    "estado": "aprobada",
    "datos_adicionales": null,
    "fecha": "2025-08-09T23:53:23.184453",
    "subtotal": 30990.0,
    "descuento_porcentaje": 0.0,
    "metodo_pago": "credito",
    "cierre_id": 16
  },
  {
    "id": 532,
    "descuento": 0.0,
    "total": 10990.0,
    "estado": "aprobada",
    "datos_adicionales": null,
    "fecha": "2025-08-11T00:31:58.187497",
    "subtotal": 10990.0,
    "descuento_porcentaje": 0.0,
    "metodo_pago": "debito",
    "cierre_id": null
  },
  {
    "id": 533,
    "descuento": 0.0,
    "total": 10990.0,
    "estado": "aprobada",
    "datos_adicionales": null,
    "fecha": "2025-08-11T00:34:16.252983",
    "subtotal": 10990.0,
    "descuento_porcentaje": 0.0,
    "metodo_pago": "credito",
    "cierre_id": null
  },
  {
    "id": 534,
    "descuento": 0.0,
    "total": 14990.0,
    "estado": "aprobada",
    "datos_adicionales": null,
    "fecha": "2025-08-10T01:22:45.087873",
    "subtotal": 14990.0,
    "descuento_porcentaje": 0.0,
    "metodo_pago": "credito",
    "cierre_id": 17
  },
  {
    "id": 535,
    "descuento": 0.0,
    "total": 13990.0,
    "estado": "aprobada",
    "datos_adicionales": null,
    "fecha": "2025-08-10T18:05:34.887669",
    "subtotal": 13990.0,
    "descuento_porcentaje": 0.0,
    "metodo_pago": "debito",
    "cierre_id": 17
  },
  {
    "id": 536,
    "descuento": 0.0,
    "total": 0.0,
    "estado": "anulada",
    "datos_adicionales": null,
    "fecha": "2025-08-10T18:16:09.461369",
    "subtotal": 0.0,
    "descuento_porcentaje": 0.0,
    "metodo_pago": "debito",
    "cierre_id": 17
  },
  {
    "id": 537,
    "descuento": 0.0,
    "total": 0.0,
    "estado": "anulada",
    "datos_adicionales": null,
    "fecha": "2025-08-10T18:16:09.083675",
    "subtotal": 0.0,
    "descuento_porcentaje": 0.0,
    "metodo_pago": "debito",
    "cierre_id": 17
  },
  {
    "id": 538,
    "descuento": 0.0,
    "total": 12990.0,
    "estado": "aprobada",
    "datos_adicionales": null,
    "fecha": "2025-08-10T18:42:06.433327",
    "subtotal": 12990.0,
    "descuento_porcentaje": 0.0,
    "metodo_pago": "debito",
    "cierre_id": 17
  },
  {
    "id": 539,
    "descuento": 0.0,
    "total": 16990.0,
    "estado": "aprobada",
    "datos_adicionales": null,
    "fecha": "2025-08-10T19:02:59.938699",
    "subtotal": 16990.0,
    "descuento_porcentaje": 0.0,
    "metodo_pago": "credito",
    "cierre_id": 17
  },
  {
    "id": 540,
    "descuento": 0.0,
    "total": 14990.0,
    "estado": "aprobada",
    "datos_adicionales": null,
    "fecha": "2025-08-10T19:40:50.807010",
    "subtotal": 14990.0,
    "descuento_porcentaje": 0.0,
    "metodo_pago": "credito",
    "cierre_id": 17
  },
  {
    "id": 541,
    "descuento": 0.0,
    "total": 4000.0,
    "estado": "aprobada",
    "datos_adicionales": null,
    "fecha": "2025-08-10T19:41:29.071051",
    "subtotal": 4000.0,
    "descuento_porcentaje": 0.0,
    "metodo_pago": "efectivo",
    "cierre_id": 17
  },
  {
    "id": 542,
    "descuento": 0.0,
    "total": 17690.0,
    "estado": "aprobada",
    "datos_adicionales": null,
    "fecha": "2025-08-10T19:52:01.927009",
    "subtotal": 17690.0,
    "descuento_porcentaje": 0.0,
    "metodo_pago": "debito",
    "cierre_id": 17
  },
  {
    "id": 543,
    "descuento": 0.0,
    "total": 14990.0,
    "estado": "aprobada",
    "datos_adicionales": null,
    "fecha": "2025-08-10T21:20:25.075067",
    "subtotal": 14990.0,
    "descuento_porcentaje": 0.0,
    "metodo_pago": "credito",
    "cierre_id": 17
  },
  {
    "id": 544,
    "descuento": 0.0,
    "total": 8990.0,
    "estado": "aprobada",
    "datos_adicionales": null,
    "fecha": "2025-08-10T21:24:35.709862",
    "subtotal": 8990.0,
    "descuento_porcentaje": 0.0,
    "metodo_pago": "credito",
    "cierre_id": 17
  },
  {
    "id": 545,
    "descuento": 0.0,
    "total": 29990.0,
    "estado": "aprobada",
    "datos_adicionales": null,
    "fecha": "2025-08-10T22:35:54.807447",
    "subtotal": 29990.0,
    "descuento_porcentaje": 0.0,
    "metodo_pago": "credito",
    "cierre_id": 17
  },
  {
    "id": 546,
    "descuento": 0.0,
    "total": 10990.0,
    "estado": "aprobada",
    "datos_adicionales": null,
    "fecha": "2025-08-10T22:36:32.590719",
    "subtotal": 10990.0,
    "descuento_porcentaje": 0.0,
    "metodo_pago": "efectivo",
    "cierre_id": 17
  },
  {
    "id": 547,
    "descuento": 0.0,
    "total": 14990.0,
    "estado": "aprobada",
    "datos_adicionales": null,
    "fecha": "2025-08-10T22:55:13.527694",
    "subtotal": 14990.0,
    "descuento_porcentaje": 0.0,
    "metodo_pago": "debito",
    "cierre_id": 17
  },
  {
    "id": 548,
    "descuento": 0.0,
    "total": 0.0,
    "estado": "anulada",
    "datos_adicionales": null,
    "fecha": "2025-08-10T23:02:22.047494",
    "subtotal": 0.0,
    "descuento_porcentaje": 0.0,
    "metodo_pago": "debito",
    "cierre_id": 17
  },
  {
    "id": 549,
    "descuento": 0.0,
    "total": 0.0,
    "estado": "anulada",
    "datos_adicionales": null,
    "fecha": "2025-08-10T23:02:22.039908",
    "subtotal": 0.0,
    "descuento_porcentaje": 0.0,
    "metodo_pago": "debito",
    "cierre_id": 17
  },
  {
    "id": 550,
    "descuento": 0.0,
    "total": 0.0,
    "estado": "anulada",
    "datos_adicionales": null,
    "fecha": "2025-08-10T23:02:22.053855",
    "subtotal": 0.0,
    "descuento_porcentaje": 0.0,
    "metodo_pago": "debito",
    "cierre_id": 17
  },
  {
    "id": 551,
    "descuento": 0.0,
    "total": 39980.0,
    "estado": "aprobada",
    "datos_adicionales": null,
    "fecha": "2025-08-10T23:20:24.127928",
    "subtotal": 39980.0,
    "descuento_porcentaje": 0.0,
    "metodo_pago": "credito",
    "cierre_id": 17
  },
  {
    "id": 552,
    "descuento": 0.0,
    "total": 26480.0,
    "estado": "aprobada",
    "datos_adicionales": null,
    "fecha": "2025-08-12T20:37:29.999717",
    "subtotal": 26480.0,
    "descuento_porcentaje": 0.0,
    "metodo_pago": "debito",
    "cierre_id": 25
  },
  {
    "id": 553,
    "descuento": 0.0,
    "total": 12990.0,
    "estado": "aprobada",
    "datos_adicionales": null,
    "fecha": "2025-08-13T21:07:20.376025",
    "subtotal": 12990.0,
    "descuento_porcentaje": 0.0,
    "metodo_pago": "debito",
    "cierre_id": 26
  },
  {
    "id": 554,
    "descuento": 0.0,
    "total": 35970.0,
    "estado": "aprobada",
    "datos_adicionales": null,
    "fecha": "2025-08-13T23:59:21.675984",
    "subtotal": 35970.0,
    "descuento_porcentaje": 0.0,
    "metodo_pago": "credito",
    "cierre_id": 26
  }
]