[
  {
    "username": "admin",
    "hashed_password": "$2b$12$7iquE0p9GDC9cAM5bFQ/AeeEA1dQTmJ2t772aUAzW61Nz4hBRVig2",
    "is_superuser": true,
    "id": 114,
    "is_active": true
  },
  {
    "username": "Simon",
    "hashed_password": "$2b$12$Eep/dMCegWB8SJkZmKhUgu3cC8drKrUTUHVKQlxlt0kG324ILmYTi",
    "is_superuser": true,
    "id": 91,
    "is_active": true
  },
  {
    "username": "Manuel",
    "hashed_password": "$2b$12$djiNzVi95iEs5w1ul5TvE.nU8siVfwgpfmJ/uXi7M5j9vfcETea7y",
    "is_superuser": false,
    "id": 92,
    "is_active": true
  }
]