[
  {
    "orden_id": 445,
    "precio_unitario": 10990.0,
    "id": 455,
    "producto_id": 847,
    "cantidad": 1,
    "descuento": 0.0
  },
  {
    "orden_id": 446,
    "precio_unitario": 15990.0,
    "id": 456,
    "producto_id": 805,
    "cantidad": 1,
    "descuento": 0.0
  },
  {
    "orden_id": 446,
    "precio_unitario": 15990.0,
    "id": 457,
    "producto_id": 805,
    "cantidad": 1,
    "descuento": 0.0
  },
  {
    "orden_id": 446,
    "precio_unitario": 9500.0,
    "id": 458,
    "producto_id": 849,
    "cantidad": 1,
    "descuento": 0.0
  },
  {
    "orden_id": 446,
    "precio_unitario": 9500.0,
    "id": 459,
    "producto_id": 853,
    "cantidad": 1,
    "descuento": 0.0
  },
  {
    "orden_id": 447,
    "precio_unitario": 9500.0,
    "id": 460,
    "producto_id": 849,
    "cantidad": 1,
    "descuento": 0.0
  },
  {
    "orden_id": 447,
    "precio_unitario": 4500.0,
    "id": 461,
    "producto_id": 850,
    "cantidad": 1,
    "descuento": 0.0
  },
  {
    "orden_id": 450,
    "precio_unitario": 2000.0,
    "id": 462,
    "producto_id": 883,
    "cantidad": 1,
    "descuento": 0.0
  },
  {
    "orden_id": 450,
    "precio_unitario": 500.0,
    "id": 463,
    "producto_id": 882,
    "cantidad": 1,
    "descuento": 0.0
  },
  {
    "orden_id": 450,
    "precio_unitario": 1000.0,
    "id": 464,
    "producto_id": 793,
    "cantidad": 1,
    "descuento": 0.0
  },
  {
    "orden_id": 452,
    "precio_unitario": 15000.0,
    "id": 465,
    "producto_id": 890,
    "cantidad": 1,
    "descuento": 0.0
  },
  {
    "orden_id": 452,
    "precio_unitario": 4500.0,
    "id": 466,
    "producto_id": 889,
    "cantidad": 1,
    "descuento": 0.0
  },
  {
    "orden_id": 452,
    "precio_unitario": 17000.0,
    "id": 467,
    "producto_id": 888,
    "cantidad": 1,
    "descuento": 0.0
  },
  {
    "orden_id": 452,
    "precio_unitario": 8990.0,
    "id": 468,
    "producto_id": 859,
    "cantidad": 1,
    "descuento": 0.0
  },
  {
    "orden_id": 453,
    "precio_unitario": 15500.0,
    "id": 469,
    "producto_id": 840,
    "cantidad": 1,
    "descuento": 0.0
  },
  {
    "orden_id": 453,
    "precio_unitario": 16000.0,
    "id": 470,
    "producto_id": 841,
    "cantidad": 1,
    "descuento": 0.0
  },
  {
    "orden_id": 456,
    "precio_unitario": 13990.0,
    "id": 471,
    "producto_id": 808,
    "cantidad": 1,
    "descuento": 0.0
  },
  {
    "orden_id": 456,
    "precio_unitario": 10990.0,
    "id": 472,
    "producto_id": 848,
    "cantidad": 1,
    "descuento": 0.0
  },
  {
    "orden_id": 457,
    "precio_unitario": 12990.0,
    "id": 473,
    "producto_id": 876,
    "cantidad": 1,
    "descuento": 0.0
  },
  {
    "orden_id": 458,
    "precio_unitario": 4500.0,
    "id": 474,
    "producto_id": 820,
    "cantidad": 1,
    "descuento": 0.0
  },
  {
    "orden_id": 458,
    "precio_unitario": 4500.0,
    "id": 475,
    "producto_id": 889,
    "cantidad": 1,
    "descuento": 0.0
  },
  {
    "orden_id": 459,
    "precio_unitario": 4500.0,
    "id": 476,
    "producto_id": 819,
    "cantidad": 1,
    "descuento": 0.0
  },
  {
    "orden_id": 459,
    "precio_unitario": 4500.0,
    "id": 477,
    "producto_id": 811,
    "cantidad": 1,
    "descuento": 0.0
  },
  {
    "orden_id": 454,
    "precio_unitario": 12990.0,
    "id": 478,
    "producto_id": 886,
    "cantidad": 1,
    "descuento": 0.0
  },
  {
    "orden_id": 455,
    "precio_unitario": 15990.0,
    "id": 479,
    "producto_id": 841,
    "cantidad": 2,
    "descuento": 0.0
  },
  {
    "orden_id": 455,
    "precio_unitario": 13990.0,
    "id": 480,
    "producto_id": 809,
    "cantidad": 1,
    "descuento": 0.0
  },
  {
    "orden_id": 455,
    "precio_unitario": 15990.0,
    "id": 481,
    "producto_id": 829,
    "cantidad": 1,
    "descuento": 0.0
  },
  {
    "orden_id": 455,
    "precio_unitario": 12990.0,
    "id": 482,
    "producto_id": 843,
    "cantidad": 1,
    "descuento": 0.0
  },
  {
    "orden_id": 461,
    "precio_unitario": 11000.0,
    "id": 483,
    "producto_id": 874,
    "cantidad": 1,
    "descuento": 0.0
  },
  {
    "orden_id": 461,
    "precio_unitario": 22990.0,
    "id": 484,
    "producto_id": 817,
    "cantidad": 1,
    "descuento": 0.0
  },
  {
    "orden_id": 462,
    "precio_unitario": 14990.0,
    "id": 485,
    "producto_id": 840,
    "cantidad": 1,
    "descuento": 0.0
  },
  {
    "orden_id": 462,
    "precio_unitario": 11990.0,
    "id": 486,
    "producto_id": 797,
    "cantidad": 1,
    "descuento": 0.0
  },
  {
    "orden_id": 463,
    "precio_unitario": 13990.0,
    "id": 487,
    "producto_id": 806,
    "cantidad": 1,
    "descuento": 0.0
  },
  {
    "orden_id": 464,
    "precio_unitario": 16990.0,
    "id": 488,
    "producto_id": 894,
    "cantidad": 1,
    "descuento": 0.0
  },
  {
    "orden_id": 464,
    "precio_unitario": 6700.0,
    "id": 489,
    "producto_id": 791,
    "cantidad": 1,
    "descuento": 0.0
  },
  {
    "orden_id": 465,
    "precio_unitario": 4500.0,
    "id": 490,
    "producto_id": 832,
    "cantidad": 1,
    "descuento": 0.0
  },
  {
    "orden_id": 466,
    "precio_unitario": 13990.0,
    "id": 491,
    "producto_id": 808,
    "cantidad": 1,
    "descuento": 0.0
  },
  {
    "orden_id": 467,
    "precio_unitario": 13990.0,
    "id": 492,
    "producto_id": 808,
    "cantidad": 1,
    "descuento": 0.0
  },
  {
    "orden_id": 468,
    "precio_unitario": 16990.0,
    "id": 493,
    "producto_id": 894,
    "cantidad": 1,
    "descuento": 0.0
  },
  {
    "orden_id": 469,
    "precio_unitario": 15000.0,
    "id": 494,
    "producto_id": 881,
    "cantidad": 1,
    "descuento": 0.0
  },
  {
    "orden_id": 470,
    "precio_unitario": 13990.0,
    "id": 495,
    "producto_id": 808,
    "cantidad": 1,
    "descuento": 0.0
  },
  {
    "orden_id": 471,
    "precio_unitario": 13990.0,
    "id": 496,
    "producto_id": 809,
    "cantidad": 1,
    "descuento": 0.0
  },
  {
    "orden_id": 471,
    "precio_unitario": 15000.0,
    "id": 497,
    "producto_id": 881,
    "cantidad": 1,
    "descuento": 0.0
  },
  {
    "orden_id": 472,
    "precio_unitario": 12990.0,
    "id": 498,
    "producto_id": 886,
    "cantidad": 1,
    "descuento": 0.0
  },
  {
    "orden_id": 473,
    "precio_unitario": 15990.0,
    "id": 499,
    "producto_id": 796,
    "cantidad": 1,
    "descuento": 0.0
  },
  {
    "orden_id": 473,
    "precio_unitario": 15000.0,
    "id": 500,
    "producto_id": 799,
    "cantidad": 1,
    "descuento": 0.0
  },
  {
    "orden_id": 476,
    "precio_unitario": 14990.0,
    "id": 501,
    "producto_id": 840,
    "cantidad": 1,
    "descuento": 0.0
  },
  {
    "orden_id": 477,
    "precio_unitario": 13990.0,
    "id": 502,
    "producto_id": 809,
    "cantidad": 1,
    "descuento": 0.0
  },
  {
    "orden_id": 480,
    "precio_unitario": 12990.0,
    "id": 503,
    "producto_id": 874,
    "cantidad": 1,
    "descuento": 0.0
  },
  {
    "orden_id": 481,
    "precio_unitario": 16990.0,
    "id": 504,
    "producto_id": 894,
    "cantidad": 1,
    "descuento": 0.0
  },
  {
    "orden_id": 482,
    "precio_unitario": 14990.0,
    "id": 505,
    "producto_id": 823,
    "cantidad": 1,
    "descuento": 0.0
  },
  {
    "orden_id": 483,
    "precio_unitario": 1000.0,
    "id": 506,
    "producto_id": 804,
    "cantidad": 1,
    "descuento": 0.0
  },
  {
    "orden_id": 483,
    "precio_unitario": 1000.0,
    "id": 507,
    "producto_id": 795,
    "cantidad": 1,
    "descuento": 0.0
  },
  {
    "orden_id": 483,
    "precio_unitario": 1000.0,
    "id": 508,
    "producto_id": 794,
    "cantidad": 1,
    "descuento": 0.0
  },
  {
    "orden_id": 483,
    "precio_unitario": 1000.0,
    "id": 509,
    "producto_id": 793,
    "cantidad": 1,
    "descuento": 0.0
  },
  {
    "orden_id": 484,
    "precio_unitario": 10990.0,
    "id": 510,
    "producto_id": 798,
    "cantidad": 1,
    "descuento": 0.0
  },
  {
    "orden_id": 484,
    "precio_unitario": 6700.0,
    "id": 511,
    "producto_id": 790,
    "cantidad": 1,
    "descuento": 0.0
  },
  {
    "orden_id": 485,
    "precio_unitario": 14990.0,
    "id": 512,
    "producto_id": 886,
    "cantidad": 1,
    "descuento": 0.0
  },
  {
    "orden_id": 486,
    "precio_unitario": 8990.0,
    "id": 513,
    "producto_id": 789,
    "cantidad": 1,
    "descuento": 0.0
  },
  {
    "orden_id": 487,
    "precio_unitario": 29990.0,
    "id": 514,
    "producto_id": 885,
    "cantidad": 1,
    "descuento": 0.0
  },
  {
    "orden_id": 488,
    "precio_unitario": 10990.0,
    "id": 515,
    "producto_id": 848,
    "cantidad": 1,
    "descuento": 0.0
  },
  {
    "orden_id": 489,
    "precio_unitario": 14990.0,
    "id": 516,
    "producto_id": 878,
    "cantidad": 1,
    "descuento": 0.0
  },
  {
    "orden_id": 493,
    "precio_unitario": 22990.0,
    "id": 517,
    "producto_id": 817,
    "cantidad": 1,
    "descuento": 0.0
  },
  {
    "orden_id": 493,
    "precio_unitario": 16990.0,
    "id": 518,
    "producto_id": 894,
    "cantidad": 1,
    "descuento": 0.0
  },
  {
    "orden_id": 474,
    "precio_unitario": 10990.0,
    "id": 519,
    "producto_id": 848,
    "cantidad": 1,
    "descuento": 0.0
  },
  {
    "orden_id": 475,
    "precio_unitario": 8990.0,
    "id": 520,
    "producto_id": 862,
    "cantidad": 1,
    "descuento": 0.0
  },
  {
    "orden_id": 475,
    "precio_unitario": 2000.0,
    "id": 521,
    "producto_id": 883,
    "cantidad": 1,
    "descuento": 0.0
  }
]