[
  {
    "fecha": "2025-08-02T00:00:00",
    "total_transferencia": 4500.0,
    "usuario_nombre": null,
    "id": 18,
    "total_costo": 9486.0,
    "notas": null,
    "fecha_cierre": "2025-08-03T02:17:45.629456",
    "total_ganancia": 77984.0,
    "datos_adicionales": null,
    "fecha_cierre_chile": "2025-08-02",
    "margen_promedio": 89.1551389047674,
    "total_ventas": 87470.0,
    "cantidad_transacciones": 7,
    "total_efectivo": 14500.0,
    "ticket_promedio": 12495.7142857143,
    "total_debito": 55970.0,
    "usuario_id": null,
    "total_credito": 12500.0
  },
  {
    "fecha": "2025-08-03T00:00:00",
    "total_transferencia": 0.0,
    "usuario_nombre": null,
    "id": 19,
    "total_costo": 50937.0,
    "notas": null,
    "fecha_cierre": "2025-08-04T02:34:58.781919",
    "total_ganancia": 43974.0,
    "datos_adicionales": null,
    "fecha_cierre_chile": "2025-08-03",
    "margen_promedio": 46.3318266586592,
    "total_ventas": 94911.0,
    "cantidad_transacciones": 6,
    "total_efectivo": 0.0,
    "ticket_promedio": 15818.5,
    "total_debito": 46480.0,
    "usuario_id": null,
    "total_credito": 48431.0
  },
  {
    "fecha": "2025-08-05T00:00:00",
    "total_transferencia": 0.0,
    "usuario_nombre": null,
    "id": 20,
    "total_costo": 299.0,
    "notas": null,
    "fecha_cierre": "2025-08-05T23:54:33.267619",
    "total_ganancia": 3201.0,
    "datos_adicionales": null,
    "fecha_cierre_chile": "2025-08-05",
    "margen_promedio": 91.4571428571429,
    "total_ventas": 3500.0,
    "cantidad_transacciones": 1,
    "total_efectivo": 0.0,
    "ticket_promedio": 3500.0,
    "total_debito": 3500.0,
    "usuario_id": null,
    "total_credito": 0.0
  },
  {
    "fecha": "2025-08-06T00:00:00",
    "total_transferencia": 0.0,
    "usuario_nombre": null,
    "id": 21,
    "total_costo": 28498.0,
    "notas": null,
    "fecha_cierre": "2025-08-07T01:02:39.644941",
    "total_ganancia": 48492.0,
    "datos_adicionales": null,
    "fecha_cierre_chile": "2025-08-06",
    "margen_promedio": 62.9848032211976,
    "total_ventas": 76990.0,
    "cantidad_transacciones": 2,
    "total_efectivo": 31500.0,
    "ticket_promedio": 38495.0,
    "total_debito": 45490.0,
    "usuario_id": null,
    "total_credito": 0.0
  },
  {
    "fecha": "2025-08-08T00:00:00",
    "total_transferencia": 0.0,
    "usuario_nombre": null,
    "id": 22,
    "total_costo": 35879.0,
    "notas": null,
    "fecha_cierre": "2025-08-09T01:55:48.767863",
    "total_ganancia": 20091.0,
    "datos_adicionales": null,
    "fecha_cierre_chile": "2025-08-08",
    "margen_promedio": 35.8960157227086,
    "total_ventas": 55970.0,
    "cantidad_transacciones": 4,
    "total_efectivo": 0.0,
    "ticket_promedio": 13992.5,
    "total_debito": 42980.0,
    "usuario_id": null,
    "total_credito": 12990.0
  },
  {
    "fecha": "2025-08-09T00:00:00",
    "total_transferencia": 0.0,
    "usuario_nombre": null,
    "id": 23,
    "total_costo": 213283.0,
    "notas": null,
    "fecha_cierre": "2025-08-10T02:19:19.629526",
    "total_ganancia": 124737.0,
    "datos_adicionales": null,
    "fecha_cierre_chile": "2025-08-09",
    "margen_promedio": 36.902254304479,
    "total_ventas": 338020.0,
    "cantidad_transacciones": 16,
    "total_efectivo": 0.0,
    "ticket_promedio": 21126.25,
    "total_debito": 243370.0,
    "usuario_id": null,
    "total_credito": 94650.0
  },
  {
    "fecha": "2025-08-10T00:00:00",
    "total_transferencia": 0.0,
    "usuario_nombre": null,
    "id": 24,
    "total_costo": 137843.0,
    "notas": null,
    "fecha_cierre": "2025-08-11T01:30:52.080444",
    "total_ganancia": 77727.0,
    "datos_adicionales": null,
    "fecha_cierre_chile": "2025-08-10",
    "margen_promedio": 36.056501368465,
    "total_ventas": 215570.0,
    "cantidad_transacciones": 18,
    "total_efectivo": 14990.0,
    "ticket_promedio": 11976.1111111111,
    "total_debito": 59660.0,
    "usuario_id": null,
    "total_credito": 140920.0
  },
  {
    "fecha": "2025-08-02T00:00:00",
    "total_transferencia": 4500.0,
    "usuario_nombre": null,
    "id": 2,
    "total_costo": 9486.0,
    "notas": null,
    "fecha_cierre": "2025-08-03T02:17:45.629456",
    "total_ganancia": 77984.0,
    "datos_adicionales": null,
    "fecha_cierre_chile": "2025-08-02",
    "margen_promedio": 89.1551389047674,
    "total_ventas": 87470.0,
    "cantidad_transacciones": 7,
    "total_efectivo": 14500.0,
    "ticket_promedio": 12495.7142857143,
    "total_debito": 55970.0,
    "usuario_id": null,
    "total_credito": 12500.0
  },
  {
    "fecha": "2025-08-03T00:00:00",
    "total_transferencia": 0.0,
    "usuario_nombre": null,
    "id": 12,
    "total_costo": 50937.0,
    "notas": null,
    "fecha_cierre": "2025-08-04T02:34:58.781919",
    "total_ganancia": 43974.0,
    "datos_adicionales": null,
    "fecha_cierre_chile": "2025-08-03",
    "margen_promedio": 46.3318266586592,
    "total_ventas": 94911.0,
    "cantidad_transacciones": 6,
    "total_efectivo": 0.0,
    "ticket_promedio": 15818.5,
    "total_debito": 46480.0,
    "usuario_id": null,
    "total_credito": 48431.0
  },
  {
    "fecha": "2025-08-05T00:00:00",
    "total_transferencia": 0.0,
    "usuario_nombre": null,
    "id": 13,
    "total_costo": 299.0,
    "notas": null,
    "fecha_cierre": "2025-08-05T23:54:33.267619",
    "total_ganancia": 3201.0,
    "datos_adicionales": null,
    "fecha_cierre_chile": "2025-08-05",
    "margen_promedio": 91.4571428571429,
    "total_ventas": 3500.0,
    "cantidad_transacciones": 1,
    "total_efectivo": 0.0,
    "ticket_promedio": 3500.0,
    "total_debito": 3500.0,
    "usuario_id": null,
    "total_credito": 0.0
  },
  {
    "fecha": "2025-08-06T00:00:00",
    "total_transferencia": 0.0,
    "usuario_nombre": null,
    "id": 14,
    "total_costo": 28498.0,
    "notas": null,
    "fecha_cierre": "2025-08-07T01:02:39.644941",
    "total_ganancia": 48492.0,
    "datos_adicionales": null,
    "fecha_cierre_chile": "2025-08-06",
    "margen_promedio": 62.9848032211976,
    "total_ventas": 76990.0,
    "cantidad_transacciones": 2,
    "total_efectivo": 31500.0,
    "ticket_promedio": 38495.0,
    "total_debito": 45490.0,
    "usuario_id": null,
    "total_credito": 0.0
  },
  {
    "fecha": "2025-08-08T00:00:00",
    "total_transferencia": 0.0,
    "usuario_nombre": null,
    "id": 15,
    "total_costo": 35879.0,
    "notas": null,
    "fecha_cierre": "2025-08-09T01:55:48.767863",
    "total_ganancia": 20091.0,
    "datos_adicionales": null,
    "fecha_cierre_chile": "2025-08-08",
    "margen_promedio": 35.8960157227086,
    "total_ventas": 55970.0,
    "cantidad_transacciones": 4,
    "total_efectivo": 0.0,
    "ticket_promedio": 13992.5,
    "total_debito": 42980.0,
    "usuario_id": null,
    "total_credito": 12990.0
  },
  {
    "fecha": "2025-08-09T00:00:00",
    "total_transferencia": 0.0,
    "usuario_nombre": null,
    "id": 16,
    "total_costo": 213283.0,
    "notas": null,
    "fecha_cierre": "2025-08-10T02:19:19.629526",
    "total_ganancia": 124737.0,
    "datos_adicionales": null,
    "fecha_cierre_chile": "2025-08-09",
    "margen_promedio": 36.902254304479,
    "total_ventas": 338020.0,
    "cantidad_transacciones": 16,
    "total_efectivo": 0.0,
    "ticket_promedio": 21126.25,
    "total_debito": 243370.0,
    "usuario_id": null,
    "total_credito": 94650.0
  },
  {
    "fecha": "2025-08-10T00:00:00",
    "total_transferencia": 0.0,
    "usuario_nombre": null,
    "id": 17,
    "total_costo": 137843.0,
    "notas": null,
    "fecha_cierre": "2025-08-11T01:30:52.080444",
    "total_ganancia": 77727.0,
    "datos_adicionales": null,
    "fecha_cierre_chile": "2025-08-10",
    "margen_promedio": 36.056501368465,
    "total_ventas": 215570.0,
    "cantidad_transacciones": 18,
    "total_efectivo": 14990.0,
    "ticket_promedio": 11976.1111111111,
    "total_debito": 59660.0,
    "usuario_id": null,
    "total_credito": 140920.0
  },
  {
    "fecha": "2025-08-12T04:00:00",
    "total_transferencia": 0.0,
    "usuario_nombre": null,
    "id": 25,
    "total_costo": 15529.0,
    "notas": null,
    "fecha_cierre": "2025-08-13T00:55:51.608372",
    "total_ganancia": 10951.0,
    "datos_adicionales": null,
    "fecha_cierre_chile": "2025-08-12",
    "margen_promedio": 41.3557401812689,
    "total_ventas": 26480.0,
    "cantidad_transacciones": 1,
    "total_efectivo": 0.0,
    "ticket_promedio": 26480.0,
    "total_debito": 26480.0,
    "usuario_id": null,
    "total_credito": 0.0
  },
  {
    "fecha": "2025-08-13T04:00:00",
    "total_transferencia": 0.0,
    "usuario_nombre": null,
    "id": 26,
    "total_costo": 27612.0,
    "notas": null,
    "fecha_cierre": "2025-08-14T01:05:20.695657",
    "total_ganancia": 21348.0,
    "datos_adicionales": null,
    "fecha_cierre_chile": "2025-08-13",
    "margen_promedio": 43.6029411764706,
    "total_ventas": 48960.0,
    "cantidad_transacciones": 2,
    "total_efectivo": 0.0,
    "ticket_promedio": 24480.0,
    "total_debito": 12990.0,
    "usuario_id": null,
    "total_credito": 35970.0
  },
  {
    "fecha": "2025-08-14T04:00:00",
    "total_transferencia": 0.0,
    "usuario_nombre": null,
    "id": 27,
    "total_costo": 24681.0,
    "notas": null,
    "fecha_cierre": "2025-08-15T01:05:00.609913",
    "total_ganancia": 15999.0,
    "datos_adicionales": null,
    "fecha_cierre_chile": "2025-08-14",
    "margen_promedio": 39.3289085545723,
    "total_ventas": 40680.0,
    "cantidad_transacciones": 4,
    "total_efectivo": 0.0,
    "ticket_promedio": 10170.0,
    "total_debito": 40680.0,
    "usuario_id": null,
    "total_credito": 0.0
  },
  {
    "fecha": "2025-08-15T04:00:00",
    "total_transferencia": 0.0,
    "usuario_nombre": null,
    "id": 28,
    "total_costo": 101892.0,
    "notas": null,
    "fecha_cierre": "2025-08-16T01:06:17.670286",
    "total_ganancia": 61950.0,
    "datos_adicionales": null,
    "fecha_cierre_chile": "2025-08-15",
    "margen_promedio": 37.8108177390413,
    "total_ventas": 163842.0,
    "cantidad_transacciones": 8,
    "total_efectivo": 42206.0,
    "ticket_promedio": 20480.25,
    "total_debito": 61670.0,
    "usuario_id": null,
    "total_credito": 59966.0
  }
]